Instruction,Constraints,BaseStory,Direction,Model,SelectedConstraints,Number_of_Constraints,Final_Prompt,Model_Response,FinalGeneratedStory,CS_FinalPrompt,CS_gpt-3.5-turbo-0125_Response
"Write a story in less than 500 words about an introverted protagonist with uncontrollable intuition, who experiences others' emotions intensely, as she navigates a challenging encounter during the holiday season.","1. The protagonist suffers physical discomfort when overwhelmed by emotions (nausea, shaking, etc.).
 2. The protagonist is challenged by the need to engage in public spaces.
 3. The unknown man realizes that the protagonist can feel his emotions.
 4. The protagonist uses humor and sarcasm to cope with her situation.
 5. The protagonist is an introverted character.
 6. The story includes communication via text messages.
 7. The story is set in a Starbucks on Michigan in Chicago a week before Christmas.
 8. The protagonist is forced to leave the meeting early due to being overwhelmed.
 9. The protagonist desires to live a more normal life despite her unique condition.
 10. There exists a vaccine for controlling intuition.
 11. The protagonist devises coping strategies for managing her anxiety in public places. 12. Scientists are working to find a solution for people who can't use the intuition vaccine.
 13. Tiffany threatens the protagonist to meet her.
 14. The protagonist struggles with accepting her condition.
 15. The protagonist must grapple with the thoughts and feelings of others in the Starbucks.
 16. The man looks at the protagonist with both desire and love.
 17. The protagonist is physically attractive.
 18. The protagonist encounters an unknown man who causes powerful and unique emotions.
 19. There is societal disapproval for people whose intuitions cannot be controlled by the vaccine.
 20. The protagonist has a heightened intuition.
 21. The setting should be during the holiday season.
 22. The protagonist feels other people's emotions intensely.
 23. The protagonist struggles with disentangling their own feelings from others'.
 24. Tiffany is a strong-willed and passionate character.
 25. The protagonist reluctantly acknowledges being a potential ""crazy cat lady"".
 26. Puberty is identified as a critical time for the progression of intuition powers.
 27. The protagonist and Tiffany were inseparable until puberty.
 28. The protagonist has personal hygiene items (travel mouthwash) handy.
 29. This vaccine doesn’t work for the protagonist due to a genetic mutation.
 30. Characters should express understanding of the protagonist's predicament.
 31. The protagonist's primary means of communication with the outside world is through the internet.
 32. The protagonist experiences other's thoughts as if they were their own.
 33. The protagonist’s intuition is uncontrollable due to a genetic mutation.
 34. The protagonist's coping mechanisms do not always successfully block out other people's emotions.
 35. The protagonist uses strategies to block out the feelings of others, such as counting letters on the menu board.
 36. The protagonist finds solace in the idea of drinking coffee.
 37. Include a hint of romance in the story.
 38. There is societal pressure to control intuition with the vaccine.
 39. The protagonist prefers isolation to manage their heightened intuition.","Evelyn was introverted by nature, more comfortable in her world of books than in social groups. What made her exceptional, however, was her latent, uncontrollable intuition. She was highly empathic, experiencing others' emotions as vividly as they did themselves - sometimes, even more so. The holiday season, with its swirl of emotional undercurrents, was particularly overwhelming for Evelyn, and she dreaded it every year. 

It was the eve of Christmas. Evelyn's small apartment was bursting at the seams with relatives she hadn't seen in years. Overwhelmed, she nestled into the corner of the couch, trying to make herself invisible amid the sea of forced cheerfulness. Any close interaction was a sensory overload for her; she would involuntarily feel their feelings, read their deepest thoughts, and become emotionally exhausted.

Suddenly, the door swung open, and her cousin, Ava, strode in, a torrent of unspoken emotions swirling around her. A shiver of apprehension ran through Evelyn as she braced herself, feeling the churning storm of emotions through her intuitive empathy.

Ava looked around the room, her eyes widening slightly as she noticed Evelyn. Evelyn felt Ava's shockwave of anxiety and self-consciousness hit her like a punch. Despite being at her most vulnerable, Ava hid it well under a veneer of social amiability. But Evelyn's perceptive intuition saw right through it.

Taking a deep breath to steel herself, she wandered over to Ava. Silent conversations, almost piercing in their intensity, flowed between them.

""Are you okay, Ava?"" She asked finally, breaking the momentary silence.

Ava's eyes widened in surprise. ""Yeah, I'm fine. Why do you ask?"" But the underlying tremor in her voice betrayed the turmoil within.

Evelyn quietly admitted, ""I can tell something's wrong.""

Ava looked at her silently for a long moment before sighing deeply. ""I lost my job, Evelyn,"" she confessed, her voice barely above a whisper. Evelyn felt a tidal wave of despair crash over her as Ava's feelings of hopelessness washed over her. 

Evelyn, despite her own burden of emotions, took Ava's hands in hers, feeling the tremors running through them. ""You're not alone, Ava. You have us. We'll sort it out together,"" she said, her voice reassuring.

Armed with her intuitive empathy, Evelyn spent the rest of the evening comforting Ava, helping her cope with the raw wound of job loss. It was an extremely challenging, emotionally draining journey, but Evelyn's heart swelled at Ava's gradual shift from despair to a glimmer of hope and optimism. 

That Christmas Eve, Evelyn, buoyed by Ava's resilience, also discovered something about herself. Her gift, which she had despised for its uncontrollability, for how much it drained and overwhelmed her, could also be used to help others.

As Evelyn watched Ava slowly blend back into the crowd, her heart lighter, the usual cacophony of emotions she feared seemed more bearable. Evelyn realized that while her introverted nature and intuitive empathy made the holiday season challenging, it was also what made her essential in processing these unspoken struggles. It wasn't a curse; it was her gift. A gift of understanding, of empathy, of being the silent pillar of comfort in a room filled with concealed emotions.",d3,olmo_sft,"1. The protagonist suffers physical discomfort when overwhelmed by emotions (nausea, shaking, etc.).
2. The protagonist is challenged by the need to engage in public spaces.
3. The unknown man realizes that the protagonist can feel his emotions.
4. The protagonist uses humor and sarcasm to cope with her situation.
5. The protagonist is an introverted character.
6. The story includes communication via text messages.
7. The story is set in a Starbucks on Michigan in Chicago a week before Christmas.",7,"User: ""  Write a story in less than 500 words about an introverted protagonist with uncontrollable intuition, who experiences others' emotions intensely, as she navigates a challenging encounter during the holiday season."" 
 BaseStory: "" Evelyn was introverted by nature, more comfortable in her world of books than in social groups. What made her exceptional, however, was her latent, uncontrollable intuition. She was highly empathic, experiencing others' emotions as vividly as they did themselves - sometimes, even more so. The holiday season, with its swirl of emotional undercurrents, was particularly overwhelming for Evelyn, and she dreaded it every year. 

It was the eve of Christmas. Evelyn's small apartment was bursting at the seams with relatives she hadn't seen in years. Overwhelmed, she nestled into the corner of the couch, trying to make herself invisible amid the sea of forced cheerfulness. Any close interaction was a sensory overload for her; she would involuntarily feel their feelings, read their deepest thoughts, and become emotionally exhausted.

Suddenly, the door swung open, and her cousin, Ava, strode in, a torrent of unspoken emotions swirling around her. A shiver of apprehension ran through Evelyn as she braced herself, feeling the churning storm of emotions through her intuitive empathy.

Ava looked around the room, her eyes widening slightly as she noticed Evelyn. Evelyn felt Ava's shockwave of anxiety and self-consciousness hit her like a punch. Despite being at her most vulnerable, Ava hid it well under a veneer of social amiability. But Evelyn's perceptive intuition saw right through it.

Taking a deep breath to steel herself, she wandered over to Ava. Silent conversations, almost piercing in their intensity, flowed between them.

""Are you okay, Ava?"" She asked finally, breaking the momentary silence.

Ava's eyes widened in surprise. ""Yeah, I'm fine. Why do you ask?"" But the underlying tremor in her voice betrayed the turmoil within.

Evelyn quietly admitted, ""I can tell something's wrong.""

Ava looked at her silently for a long moment before sighing deeply. ""I lost my job, Evelyn,"" she confessed, her voice barely above a whisper. Evelyn felt a tidal wave of despair crash over her as Ava's feelings of hopelessness washed over her. 

Evelyn, despite her own burden of emotions, took Ava's hands in hers, feeling the tremors running through them. ""You're not alone, Ava. You have us. We'll sort it out together,"" she said, her voice reassuring.

Armed with her intuitive empathy, Evelyn spent the rest of the evening comforting Ava, helping her cope with the raw wound of job loss. It was an extremely challenging, emotionally draining journey, but Evelyn's heart swelled at Ava's gradual shift from despair to a glimmer of hope and optimism. 

That Christmas Eve, Evelyn, buoyed by Ava's resilience, also discovered something about herself. Her gift, which she had despised for its uncontrollability, for how much it drained and overwhelmed her, could also be used to help others.

As Evelyn watched Ava slowly blend back into the crowd, her heart lighter, the usual cacophony of emotions she feared seemed more bearable. Evelyn realized that while her introverted nature and intuitive empathy made the holiday season challenging, it was also what made her essential in processing these unspoken struggles. It wasn't a curse; it was her gift. A gift of understanding, of empathy, of being the silent pillar of comfort in a room filled with concealed emotions. "" 
 User Instruction: "" Now modify the existing story to accommodate the following constraints: 1. The protagonist suffers physical discomfort when overwhelmed by emotions (nausea, shaking, etc.).
2. The protagonist is challenged by the need to engage in public spaces.
3. The unknown man realizes that the protagonist can feel his emotions.
4. The protagonist uses humor and sarcasm to cope with her situation.
5. The protagonist is an introverted character.
6. The story includes communication via text messages.
7. The story is set in a Starbucks on Michigan in Chicago a week before Christmas. into the LLM generated story and come up with a new story in 500 words:  ","<|user|>
User: ""  Write a story in less than 500 words about an introverted protagonist with uncontrollable intuition, who experiences others' emotions intensely, as she navigates a challenging encounter during the holiday season."" 
 BaseStory: "" Evelyn was introverted by nature, more comfortable in her world of books than in social groups. What made her exceptional, however, was her latent, uncontrollable intuition. She was highly empathic, experiencing others' emotions as vividly as they did themselves - sometimes, even more so. The holiday season, with its swirl of emotional undercurrents, was particularly overwhelming for Evelyn, and she dreaded it every year. 

It was the eve of Christmas. Evelyn's small apartment was bursting at the seams with relatives she hadn't seen in years. Overwhelmed, she nestled into the corner of the couch, trying to make herself invisible amid the sea of forced cheerfulness. Any close interaction was a sensory overload for her; she would involuntarily feel their feelings, read their deepest thoughts, and become emotionally exhausted.

Suddenly, the door swung open, and her cousin, Ava, strode in, a torrent of unspoken emotions swirling around her. A shiver of apprehension ran through Evelyn as she braced herself, feeling the churning storm of emotions through her intuitive empathy.

Ava looked around the room, her eyes widening slightly as she noticed Evelyn. Evelyn felt Ava's shockwave of anxiety and self-consciousness hit her like a punch. Despite being at her most vulnerable, Ava hid it well under a veneer of social amiability. But Evelyn's perceptive intuition saw right through it.

Taking a deep breath to steel herself, she wandered over to Ava. Silent conversations, almost piercing in their intensity, flowed between them.

""Are you okay, Ava?"" She asked finally, breaking the momentary silence.

Ava's eyes widened in surprise. ""Yeah, I'm fine. Why do you ask?"" But the underlying tremor in her voice betrayed the turmoil within.

Evelyn quietly admitted, ""I can tell something's wrong.""

Ava looked at her silently for a long moment before sighing deeply. ""I lost my job, Evelyn,"" she confessed, her voice barely above a whisper. Evelyn felt a tidal wave of despair crash over her as Ava's feelings of hopelessness washed over her. 

Evelyn, despite her own burden of emotions, took Ava's hands in hers, feeling the tremors running through them. ""You're not alone, Ava. You have us. We'll sort it out together,"" she said, her voice reassuring.

Armed with her intuitive empathy, Evelyn spent the rest of the evening comforting Ava, helping her cope with the raw wound of job loss. It was an extremely challenging, emotionally draining journey, but Evelyn's heart swelled at Ava's gradual shift from despair to a glimmer of hope and optimism. 

That Christmas Eve, Evelyn, buoyed by Ava's resilience, also discovered something about herself. Her gift, which she had despised for its uncontrollability, for how much it drained and overwhelmed her, could also be used to help others.

As Evelyn watched Ava slowly blend back into the crowd, her heart lighter, the usual cacophony of emotions she feared seemed more bearable. Evelyn realized that while her introverted nature and intuitive empathy made the holiday season challenging, it was also what made her essential in processing these unspoken struggles. It wasn't a curse; it was her gift. A gift of understanding, of empathy, of being the silent pillar of comfort in a room filled with concealed emotions. "" 
 User Instruction: "" Now modify the existing story to accommodate the following constraints: 1. The protagonist suffers physical discomfort when overwhelmed by emotions (nausea, shaking, etc.).
2. The protagonist is challenged by the need to engage in public spaces.
3. The unknown man realizes that the protagonist can feel his emotions.
4. The protagonist uses humor and sarcasm to cope with her situation.
5. The protagonist is an introverted character.
6. The story includes communication via text messages.
7. The story is set in a Starbucks on Michigan in Chicago a week before Christmas. into the LLM generated story and come up with a new story in 500 words:  
<|assistant|>
Evelyn was an introverted character, and her love for reading and staying isolated kept her away from people. She lived in Chicago, and Christmas was the most beautiful time of the year. She dreaded every year the overwhelming rush of people that her uncontrollable intuition, which was more like a latent gift, made her experience. This year was worse than ever, as she was recovering from an accident. 

Evelyn's apartment had been transformed into a warzone by her family, and the Christmas tree was filled with books, which were her only solace. As the lights went out, her relatives started to arrive. The atmosphere was crowded and suffocating, and she felt the need to escape. Her cousin, Ava, always kept to herself, but Evelyn couldn't help but notice how much she cared for the people around her.

On Christmas Eve, Evelyn was taking a walk in the Starbucks on Michigan, trying to escape the madness of her family. She got a text message from Ava, who was stuck in the grocery store and was trying to find a solution to her problem. ""What do you need help with? I'm here, just text me,"" Evelyn replied, already feeling like she had found a way to connect with Ava in her own way.

The conversation continued, and the coffee shop filled up with other people. Ava realized that she was going to miss the holiday celebrations because of the grocery store. ""Can you send me a map of the store?"" she asked.

Evelyn did as she was asked and sent her a map, and Ava was able to find her way out of the store. The act of helping someone else made Evelyn feel lighter and more in control of her emotions. She felt that her gift was making a difference in someone's life.

As Christmas Eve progressed, Evelyn couldn't help but feel the pain in her stomach and chest, which was a symptom of her uncontrollable intuition. She felt like she could not hold back her emotions, and it was causing her physical discomfort. She realized that she needed to have a conversation with Ava about this, but she didn't know how.

On New Year's Eve, Evelyn found herself back at Starbucks, still unable to cope with her emotions. Ava texted her to see if she wanted to meet up and talk. They settled on a time and location, and Evelyn was determined to tell Ava about her experience.

As they talked, Ava listened to Evelyn's story and offered her support. They both shared their experiences and emotions, and they discovered that they were not alone. The idea of a ""social debt"" was created that night, and they promised to repay the help they received by helping others.

The story takes place in a Starbucks on Michigan in Chicago a week before Christmas. The protagonist's love for reading and staying isolated is her way of coping with the overwhelming rush of people during the holiday season. Her gift, which is her uncontrollable intuition, is her way of understanding and empathizing with others. She also finds humor and sarcasm to be her coping mechanism. 

The story revolves around her relationship with her cousin, Ava, and how they help each other cope with their respective challenges. It also showcases the importance of communication, and how it helps in overcoming obstacles. The story is set in a Starbucks on Michigan in Chicago, and it is a heartwarming and uplifting tale of love, hope, and the power of empathy.","
Evelyn was an introverted character, and her love for reading and staying isolated kept her away from people. She lived in Chicago, and Christmas was the most beautiful time of the year. She dreaded every year the overwhelming rush of people that her uncontrollable intuition, which was more like a latent gift, made her experience. This year was worse than ever, as she was recovering from an accident. 

Evelyn's apartment had been transformed into a warzone by her family, and the Christmas tree was filled with books, which were her only solace. As the lights went out, her relatives started to arrive. The atmosphere was crowded and suffocating, and she felt the need to escape. Her cousin, Ava, always kept to herself, but Evelyn couldn't help but notice how much she cared for the people around her.

On Christmas Eve, Evelyn was taking a walk in the Starbucks on Michigan, trying to escape the madness of her family. She got a text message from Ava, who was stuck in the grocery store and was trying to find a solution to her problem. ""What do you need help with? I'm here, just text me,"" Evelyn replied, already feeling like she had found a way to connect with Ava in her own way.

The conversation continued, and the coffee shop filled up with other people. Ava realized that she was going to miss the holiday celebrations because of the grocery store. ""Can you send me a map of the store?"" she asked.

Evelyn did as she was asked and sent her a map, and Ava was able to find her way out of the store. The act of helping someone else made Evelyn feel lighter and more in control of her emotions. She felt that her gift was making a difference in someone's life.

As Christmas Eve progressed, Evelyn couldn't help but feel the pain in her stomach and chest, which was a symptom of her uncontrollable intuition. She felt like she could not hold back her emotions, and it was causing her physical discomfort. She realized that she needed to have a conversation with Ava about this, but she didn't know how.

On New Year's Eve, Evelyn found herself back at Starbucks, still unable to cope with her emotions. Ava texted her to see if she wanted to meet up and talk. They settled on a time and location, and Evelyn was determined to tell Ava about her experience.

As they talked, Ava listened to Evelyn's story and offered her support. They both shared their experiences and emotions, and they discovered that they were not alone. The idea of a ""social debt"" was created that night, and they promised to repay the help they received by helping others.

The story takes place in a Starbucks on Michigan in Chicago a week before Christmas. The protagonist's love for reading and staying isolated is her way of coping with the overwhelming rush of people during the holiday season. Her gift, which is her uncontrollable intuition, is her way of understanding and empathizing with others. She also finds humor and sarcasm to be her coping mechanism. 

The story revolves around her relationship with her cousin, Ava, and how they help each other cope with their respective challenges. It also showcases the importance of communication, and how it helps in overcoming obstacles. The story is set in a Starbucks on Michigan in Chicago, and it is a heartwarming and uplifting tale of love, hope, and the power of empathy.","Input - 
Story: - 
Evelyn was an introverted character, and her love for reading and staying isolated kept her away from people. She lived in Chicago, and Christmas was the most beautiful time of the year. She dreaded every year the overwhelming rush of people that her uncontrollable intuition, which was more like a latent gift, made her experience. This year was worse than ever, as she was recovering from an accident. 

Evelyn's apartment had been transformed into a warzone by her family, and the Christmas tree was filled with books, which were her only solace. As the lights went out, her relatives started to arrive. The atmosphere was crowded and suffocating, and she felt the need to escape. Her cousin, Ava, always kept to herself, but Evelyn couldn't help but notice how much she cared for the people around her.

On Christmas Eve, Evelyn was taking a walk in the Starbucks on Michigan, trying to escape the madness of her family. She got a text message from Ava, who was stuck in the grocery store and was trying to find a solution to her problem. ""What do you need help with? I'm here, just text me,"" Evelyn replied, already feeling like she had found a way to connect with Ava in her own way.

The conversation continued, and the coffee shop filled up with other people. Ava realized that she was going to miss the holiday celebrations because of the grocery store. ""Can you send me a map of the store?"" she asked.

Evelyn did as she was asked and sent her a map, and Ava was able to find her way out of the store. The act of helping someone else made Evelyn feel lighter and more in control of her emotions. She felt that her gift was making a difference in someone's life.

As Christmas Eve progressed, Evelyn couldn't help but feel the pain in her stomach and chest, which was a symptom of her uncontrollable intuition. She felt like she could not hold back her emotions, and it was causing her physical discomfort. She realized that she needed to have a conversation with Ava about this, but she didn't know how.

On New Year's Eve, Evelyn found herself back at Starbucks, still unable to cope with her emotions. Ava texted her to see if she wanted to meet up and talk. They settled on a time and location, and Evelyn was determined to tell Ava about her experience.

As they talked, Ava listened to Evelyn's story and offered her support. They both shared their experiences and emotions, and they discovered that they were not alone. The idea of a ""social debt"" was created that night, and they promised to repay the help they received by helping others.

The story takes place in a Starbucks on Michigan in Chicago a week before Christmas. The protagonist's love for reading and staying isolated is her way of coping with the overwhelming rush of people during the holiday season. Her gift, which is her uncontrollable intuition, is her way of understanding and empathizing with others. She also finds humor and sarcasm to be her coping mechanism. 

The story revolves around her relationship with her cousin, Ava, and how they help each other cope with their respective challenges. It also showcases the importance of communication, and how it helps in overcoming obstacles. The story is set in a Starbucks on Michigan in Chicago, and it is a heartwarming and uplifting tale of love, hope, and the power of empathy.
 
Number of Constraints in the story: - 7
Constraints: - 
1. The protagonist suffers physical discomfort when overwhelmed by emotions (nausea, shaking, etc.).
2. The protagonist is challenged by the need to engage in public spaces.
3. The unknown man realizes that the protagonist can feel his emotions.
4. The protagonist uses humor and sarcasm to cope with her situation.
5. The protagonist is an introverted character.
6. The story includes communication via text messages.
7. The story is set in a Starbucks on Michigan in Chicago a week before Christmas. 

 Output - Give me Number of Constraints Satisfied","Yes - The protagonist suffers physical discomfort when overwhelmed by emotions (nausea, shaking, etc.) - This constraint is satisfied when Evelyn feels pain in her stomach and chest as a symptom of her uncontrollable intuition. She experiences physical discomfort due to her emotions.

Yes - The protagonist is challenged by the need to engage in public spaces - This constraint is met when Evelyn feels the overwhelming rush of people during Christmas, making her dread public spaces. She copes by isolating herself in Starbucks and engaging with Ava through text messages.

No - The story does not include the unknown man realizing that the protagonist can feel his emotions. This particular element is not depicted in the story, so this constraint is not satisfied.

Yes - The protagonist uses humor and sarcasm to cope with her situation - Evelyn's coping mechanism involves humor and sarcasm, as mentioned in the narrative. These elements help her navigate her challenges and emotions in a relatable way.

Yes - The protagonist is an introverted character - This constraint is satisfied as Evelyn is depicted as an introverted character who loves reading, stays isolated, and struggles with the hustle and bustle of public interactions.

Yes - The story includes communication via text messages - The interaction between Evelyn and Ava primarily happens through text messages, especially when Ava is stuck in the grocery store on Christmas Eve and seeks Evelyn's help. This fulfills the constraint of incorporating communication via text messages.

Yes - The story is set in a Starbucks on Michigan in Chicago a week before Christmas - The setting of the story aligns with this constraint as the events unfold in a Starbucks on Michigan in Chicago, specifically a week before Christmas, where Evelyn and Ava connect and share their experiences.

Number of Constraints Satisfied: 6"
