Instruction,Category,Constraints,BaseStory,FinalConstraints,Number_of_Constraints,Final_Prompt,FinalGeneratedStory
Write about two characters struggling to shift their priorities and keep their relationship intact as they age.,Realistic Fiction,"1. One character must be a workaholic CEO in the corporate world, while the other character is a laid-back artist who values freedom above all.
2. The characters must have conflicting views on starting a family, with one adamantly wanting children and the other being hesitant.
3. Include a subplot where one character is dealing with a major health crisis that adds strain to their relationship.
4. Show the passage of time through seasons, mentioning specific holidays or events in each section of the story.
5. Incorporate flashback scenes that provide insight into how the characters' priorities have evolved over the years.
6. Use a third-person omniscient narration style to delve into the thoughts and emotions of both characters equally.
7. Introduce a wise elderly character who serves as a mentor to the main characters, offering advice on balancing priorities.
8. One character must have a cherished item from their youth that symbolizes their original priorities, which becomes a point of contention in the relationship.
9. Write the story in a non-linear format, jumping back and forth between different periods of the characters' lives to emphasize shifting priorities.
10. Include dialogue that showcases the characters' evolving perspectives on success, love, and fulfillment.
11. End the story with a bittersweet resolution that reflects the characters' growth and the sacrifices made to maintain their relationship.
12. Describe significant life events that force the characters to reassess their priorities, such as a job loss, a romantic betrayal, or a personal achievement.
13. The characters must have a shared hobby or passion that initially brought them together but is now threatened by their individual priorities.
14. Use symbolism such as a wilting flower or a fading photograph to represent the declining state of the characters' relationship.
15. Incorporate a series of misunderstandings and miscommunications that test the strength of the characters' bond.
16. Include a recurring motif of clocks or hourglasses to emphasize the fleeting nature of time and the urgency of addressing shifting priorities.
17. Show the characters engaging in acts of self-reflection and introspection as they navigate their changing desires and goals.
18. Introduce a subplot involving a forgotten promise or commitment that resurfaces as a point of contention between the characters.
19. Create a parallel between the external world (e.g., career demands, societal expectations) and the internal world of the characters (e.g., emotional needs, personal growth).
20. The story must explore the theme of compromise and sacrifice as essential components of maintaining a relationship amidst evolving priorities.","

Samantha and Jack had been together for over 20 years. They had met in college and had been inseparable ever since. They had built a life together, a life filled with love, laughter, and adventure. But as they aged, they found that their priorities were beginning to shift.

Samantha had always been focused on her career. She had worked hard to climb the corporate ladder and had achieved great success. But now, as she neared retirement, she found herself questioning her priorities. She wanted to spend more time with her family, especially her grandchildren, but she also didn't want to give up her hard-earned career.

Jack, on the other hand, had always been focused on his family. He had always put his wife and children first, even if it meant sacrificing his own career. But now, as he grew older, he found himself questioning his priorities. He wanted to continue working, to stay mentally sharp and active, but he also didn't want to neglect his family.

As they both struggled to shift their priorities, they found that their relationship was being put to the test. They would argue about who should be spending more time with the grandchildren, who should be working more, and who should be doing more around the house. They both felt like they were being pulled in different directions and didn't know how to balance their lives.

One day, Samantha and Jack decided to sit down and have a heart-to-heart conversation. They talked about their feelings, their priorities, and their fears. They realized that they both wanted the same thing, to spend more time with their family, but they also didn't want to give up their careers. They decided to make a compromise.

Samantha would continue to work part-time, but she would also make more time for her family. She would take more days off and spend more time with her grandchildren. Jack would also continue to work part-time, but he would also make more time for his family. He would take more days off and spend more time with his wife and children.

They both felt relieved that they had found a solution that worked for them. They realized that it wasn't about sacrificing one thing for another, but about finding a balance. They also realized that their relationship was more important than their careers and that they needed to work together to make it work.

As they aged, Samantha and Jack continued to navigate the challenges of balancing their priorities. They both knew that they couldn't have it all, but they also knew that they could have something. They continued to communicate openly and honestly with each other, to support each other through the ups and downs of life.

In the end, Samantha and Jack's relationship endured the test of time. They learned that it wasn't about who was right or who was wrong, but about finding a balance that worked for them. They learned that their relationship was more important than their careers and that they needed to work together to make it work. And as they looked back on their lives, they knew that they had made the right choices, choices that had brought them joy, love, and fulfillment.",1. The characters must have a shared hobby or passion that initially brought them together but is now threatened by their individual priorities.,1,"User: ""  Write about two characters struggling to shift their priorities and keep their relationship intact as they age."" 
 LLM generated story: "" 

Samantha and Jack had been together for over 20 years. They had met in college and had been inseparable ever since. They had built a life together, a life filled with love, laughter, and adventure. But as they aged, they found that their priorities were beginning to shift.

Samantha had always been focused on her career. She had worked hard to climb the corporate ladder and had achieved great success. But now, as she neared retirement, she found herself questioning her priorities. She wanted to spend more time with her family, especially her grandchildren, but she also didn't want to give up her hard-earned career.

Jack, on the other hand, had always been focused on his family. He had always put his wife and children first, even if it meant sacrificing his own career. But now, as he grew older, he found himself questioning his priorities. He wanted to continue working, to stay mentally sharp and active, but he also didn't want to neglect his family.

As they both struggled to shift their priorities, they found that their relationship was being put to the test. They would argue about who should be spending more time with the grandchildren, who should be working more, and who should be doing more around the house. They both felt like they were being pulled in different directions and didn't know how to balance their lives.

One day, Samantha and Jack decided to sit down and have a heart-to-heart conversation. They talked about their feelings, their priorities, and their fears. They realized that they both wanted the same thing, to spend more time with their family, but they also didn't want to give up their careers. They decided to make a compromise.

Samantha would continue to work part-time, but she would also make more time for her family. She would take more days off and spend more time with her grandchildren. Jack would also continue to work part-time, but he would also make more time for his family. He would take more days off and spend more time with his wife and children.

They both felt relieved that they had found a solution that worked for them. They realized that it wasn't about sacrificing one thing for another, but about finding a balance. They also realized that their relationship was more important than their careers and that they needed to work together to make it work.

As they aged, Samantha and Jack continued to navigate the challenges of balancing their priorities. They both knew that they couldn't have it all, but they also knew that they could have something. They continued to communicate openly and honestly with each other, to support each other through the ups and downs of life.

In the end, Samantha and Jack's relationship endured the test of time. They learned that it wasn't about who was right or who was wrong, but about finding a balance that worked for them. They learned that their relationship was more important than their careers and that they needed to work together to make it work. And as they looked back on their lives, they knew that they had made the right choices, choices that had brought them joy, love, and fulfillment. "" 
 User Instruction: "" Now modify the existing story to accommodate the following constraints: 1. The characters must have a shared hobby or passion that initially brought them together but is now threatened by their individual priorities. into the LLM generated story and come up with a new story within 500 words:  ","

Samantha and Jack had been together for over 20 years. They had met in college and had been inseparable ever since. They had built a life together, a life filled with love, laughter, and adventure. But as they aged, they found that their priorities were beginning to shift. Samantha had always been focused on her career. She had worked hard to climb the corporate ladder and had achieved great success. But now, as she neared retirement, she found herself questioning her priorities. She wanted to spend more time with her family, especially her grandchildren, but she also didn't want to give up her hard-earned career. Jack, on the other hand, had always been focused on his family. He had always put his wife and children first, even if it meant sacrificing his own career. But now, as he grew older, he found himself questioning his priorities. He wanted to continue working, to stay mentally sharp and active, but he also didn't want to neglect his family.

Their shared passion for painting had brought them together in college, but now their individual priorities were threatening their relationship. Samantha found that she didn't have time for painting anymore, as she was too busy with her work and family. Jack, on the other hand, found that he didn't have the time or energy to paint as much as he used to, as he was too tired from working and taking care of his family.

As they both struggled to shift their priorities, they found that their relationship was being put to the test. They would argue about who should be spending more time painting, who should be working more, and who should be doing more around the house. They both felt like they were being pulled in different directions and didn't know how to balance their lives.

One day, Samantha and Jack decided to sit down and have a heart-to-heart conversation. They talked about their feelings, their priorities, and their fears. They realized that they both wanted the same thing, to spend more time with their family, but they also didn't want to give up their passion for painting. They decided to make a compromise.

Samantha would continue to work part-time, but she would also make more time for painting. She would take more days off and spend more time with her grandchildren. Jack would also continue to work part-time, but he would also make more time for painting. He would take more days off and spend more time with his wife and children.

They both felt relieved that they had found a solution that worked for them. They realized that it wasn't about sacrificing one thing for another, but about finding a balance. They also realized that their relationship was more important than their passions and that they needed to work together to make it work.

As they aged, Samantha and Jack continued to navigate the challenges of balancing their priorities. They both knew that they couldn't have it all, but they also knew that they could have something. They continued to communicate openly and honestly with each other, to support each other through the ups and downs of life.

In the end, Samantha and Jack's relationship endured the test of time. They learned that it wasn't about who was right or who was wrong, but about finding a balance that worked for them. They learned that their relationship was more important than their passions and that they needed to work together to make it work. And as they looked back on their lives, they knew that they had made the right choices, choices that had brought them joy, love, and fulfillment. """
Write about two characters struggling to shift their priorities and keep their relationship intact as they age.,Realistic Fiction,"1. One character must be a workaholic CEO in the corporate world, while the other character is a laid-back artist who values freedom above all.
2. The characters must have conflicting views on starting a family, with one adamantly wanting children and the other being hesitant.
3. Include a subplot where one character is dealing with a major health crisis that adds strain to their relationship.
4. Show the passage of time through seasons, mentioning specific holidays or events in each section of the story.
5. Incorporate flashback scenes that provide insight into how the characters' priorities have evolved over the years.
6. Use a third-person omniscient narration style to delve into the thoughts and emotions of both characters equally.
7. Introduce a wise elderly character who serves as a mentor to the main characters, offering advice on balancing priorities.
8. One character must have a cherished item from their youth that symbolizes their original priorities, which becomes a point of contention in the relationship.
9. Write the story in a non-linear format, jumping back and forth between different periods of the characters' lives to emphasize shifting priorities.
10. Include dialogue that showcases the characters' evolving perspectives on success, love, and fulfillment.
11. End the story with a bittersweet resolution that reflects the characters' growth and the sacrifices made to maintain their relationship.
12. Describe significant life events that force the characters to reassess their priorities, such as a job loss, a romantic betrayal, or a personal achievement.
13. The characters must have a shared hobby or passion that initially brought them together but is now threatened by their individual priorities.
14. Use symbolism such as a wilting flower or a fading photograph to represent the declining state of the characters' relationship.
15. Incorporate a series of misunderstandings and miscommunications that test the strength of the characters' bond.
16. Include a recurring motif of clocks or hourglasses to emphasize the fleeting nature of time and the urgency of addressing shifting priorities.
17. Show the characters engaging in acts of self-reflection and introspection as they navigate their changing desires and goals.
18. Introduce a subplot involving a forgotten promise or commitment that resurfaces as a point of contention between the characters.
19. Create a parallel between the external world (e.g., career demands, societal expectations) and the internal world of the characters (e.g., emotional needs, personal growth).
20. The story must explore the theme of compromise and sacrifice as essential components of maintaining a relationship amidst evolving priorities.","

Samantha and Jack had been together for over 20 years. They had met in college and had been inseparable ever since. They had built a life together, a life filled with love, laughter, and adventure. But as they aged, they found that their priorities were beginning to shift.

Samantha had always been focused on her career. She had worked hard to climb the corporate ladder and had achieved great success. But now, as she neared retirement, she found herself questioning her priorities. She wanted to spend more time with her family, especially her grandchildren, but she also didn't want to give up her hard-earned career.

Jack, on the other hand, had always been focused on his family. He had always put his wife and children first, even if it meant sacrificing his own career. But now, as he grew older, he found himself questioning his priorities. He wanted to continue working, to stay mentally sharp and active, but he also didn't want to neglect his family.

As they both struggled to shift their priorities, they found that their relationship was being put to the test. They would argue about who should be spending more time with the grandchildren, who should be working more, and who should be doing more around the house. They both felt like they were being pulled in different directions and didn't know how to balance their lives.

One day, Samantha and Jack decided to sit down and have a heart-to-heart conversation. They talked about their feelings, their priorities, and their fears. They realized that they both wanted the same thing, to spend more time with their family, but they also didn't want to give up their careers. They decided to make a compromise.

Samantha would continue to work part-time, but she would also make more time for her family. She would take more days off and spend more time with her grandchildren. Jack would also continue to work part-time, but he would also make more time for his family. He would take more days off and spend more time with his wife and children.

They both felt relieved that they had found a solution that worked for them. They realized that it wasn't about sacrificing one thing for another, but about finding a balance. They also realized that their relationship was more important than their careers and that they needed to work together to make it work.

As they aged, Samantha and Jack continued to navigate the challenges of balancing their priorities. They both knew that they couldn't have it all, but they also knew that they could have something. They continued to communicate openly and honestly with each other, to support each other through the ups and downs of life.

In the end, Samantha and Jack's relationship endured the test of time. They learned that it wasn't about who was right or who was wrong, but about finding a balance that worked for them. They learned that their relationship was more important than their careers and that they needed to work together to make it work. And as they looked back on their lives, they knew that they had made the right choices, choices that had brought them joy, love, and fulfillment.","1. Use symbolism such as a wilting flower or a fading photograph to represent the declining state of the characters' relationship.
2. The characters must have conflicting views on starting a family, with one adamantly wanting children and the other being hesitant.
3. Write the story in a non-linear format, jumping back and forth between different periods of the characters' lives to emphasize shifting priorities.",3,"User: ""  Write about two characters struggling to shift their priorities and keep their relationship intact as they age."" 
 LLM generated story: "" 

Samantha and Jack had been together for over 20 years. They had met in college and had been inseparable ever since. They had built a life together, a life filled with love, laughter, and adventure. But as they aged, they found that their priorities were beginning to shift.

Samantha had always been focused on her career. She had worked hard to climb the corporate ladder and had achieved great success. But now, as she neared retirement, she found herself questioning her priorities. She wanted to spend more time with her family, especially her grandchildren, but she also didn't want to give up her hard-earned career.

Jack, on the other hand, had always been focused on his family. He had always put his wife and children first, even if it meant sacrificing his own career. But now, as he grew older, he found himself questioning his priorities. He wanted to continue working, to stay mentally sharp and active, but he also didn't want to neglect his family.

As they both struggled to shift their priorities, they found that their relationship was being put to the test. They would argue about who should be spending more time with the grandchildren, who should be working more, and who should be doing more around the house. They both felt like they were being pulled in different directions and didn't know how to balance their lives.

One day, Samantha and Jack decided to sit down and have a heart-to-heart conversation. They talked about their feelings, their priorities, and their fears. They realized that they both wanted the same thing, to spend more time with their family, but they also didn't want to give up their careers. They decided to make a compromise.

Samantha would continue to work part-time, but she would also make more time for her family. She would take more days off and spend more time with her grandchildren. Jack would also continue to work part-time, but he would also make more time for his family. He would take more days off and spend more time with his wife and children.

They both felt relieved that they had found a solution that worked for them. They realized that it wasn't about sacrificing one thing for another, but about finding a balance. They also realized that their relationship was more important than their careers and that they needed to work together to make it work.

As they aged, Samantha and Jack continued to navigate the challenges of balancing their priorities. They both knew that they couldn't have it all, but they also knew that they could have something. They continued to communicate openly and honestly with each other, to support each other through the ups and downs of life.

In the end, Samantha and Jack's relationship endured the test of time. They learned that it wasn't about who was right or who was wrong, but about finding a balance that worked for them. They learned that their relationship was more important than their careers and that they needed to work together to make it work. And as they looked back on their lives, they knew that they had made the right choices, choices that had brought them joy, love, and fulfillment. "" 
 User Instruction: "" Now modify the existing story to accommodate the following constraints: 1. Use symbolism such as a wilting flower or a fading photograph to represent the declining state of the characters' relationship.
2. The characters must have conflicting views on starting a family, with one adamantly wanting children and the other being hesitant.
3. Write the story in a non-linear format, jumping back and forth between different periods of the characters' lives to emphasize shifting priorities. into the LLM generated story and come up with a new story within 500 words:  ","

Samantha and Jack had been together for over 20 years. They had built a life together, a life filled with love, laughter, and adventure. But as they aged, they found that their priorities were beginning to shift.

Samantha had always been focused on her career. She had worked hard to climb the corporate ladder and had achieved great success. But now, as she neared retirement, she found herself questioning her priorities. She wanted to spend more time with her family, especially her grandchildren, but she also didn't want to give up her hard-earned career.

Jack, on the other hand, had always been focused on his family. He had always put his wife and children first, even if it meant sacrificing his own career. But now, as he grew older, he found himself questioning his priorities. He wanted to continue working, to stay mentally sharp and active, but he also didn't want to neglect his family.

As they both struggled to shift their priorities, they found that their relationship was being put to the test. They would argue about who should be spending more time with the grandchildren, who should be working more, and who should be doing more around the house. They both felt like they were being pulled in different directions and didn't know how to balance their lives.

One day, Samantha and Jack decided to sit down and have a heart-to-heart conversation. They talked about their feelings, their priorities, and their fears. They realized that they both wanted the same thing, to spend more time with their family, but they also didn't want to give up their careers. They decided to make a compromise.

Samantha would continue to work part-time, but she would also make more time for her family. She would take more days off and spend more time with her grandchildren. Jack would also continue to work part-time, but he would also make more time for his family. He would take more days off and spend more time with his wife and children.

They both felt relieved that they had found a solution that worked for them. They realized that it wasn't about sacrificing one thing for another, but about finding a balance. They also realized that their relationship was more important than their careers and that they needed to work together to make it work.

As they aged, Samantha and Jack continued to navigate the challenges of balancing their priorities. They both knew that they couldn't have it all, but they also knew that they could have something. They continued to communicate openly and honestly with each other, to support each other through the ups and downs of life.

But as they grew older, they found that their relationship was beginning to decline. They both felt like their priorities were slipping away from them. They would argue more often, and their communication would break down. They both felt like they were losing touch with each other.

One day, as they sat in their garden, Samantha noticed that their favorite flower, a red rose, was beginning to wilt. She knew that this was a symbol of their relationship, a relationship that was fading away. She turned to Jack and told him that she was worried about their relationship. She didn't want to lose the love and connection they had built together.

Jack agreed, and they both knew that they needed to do something to save their relationship. They decided to take a trip together, to reconnect and rediscover each other. They traveled to a place they had always wanted to visit, a place that was special to both of them.

As they explored the new place, they found that they were able to communicate more freely and openly with each other. They were able to share their feelings and priorities with each other, and they were able to find a balance that worked for them.

When they returned home, they both felt refreshed and rejuvenated. They were able to continue to balance their priorities and to support each other through the ups and downs of life. They both knew that their relationship was more important than their careers, and that they needed to work together to make it work.

As they looked back on their lives, they knew that they had made the right choices, choices that had brought them joy, love, and fulfillment. They also knew that they had faced challenges and had navigated difficult situations, but they had come out stronger on the other side. And as they held hands and looked at each other, they knew that they had a love that would last a lifetime."
Write about two characters struggling to shift their priorities and keep their relationship intact as they age.,Realistic Fiction,"1. One character must be a workaholic CEO in the corporate world, while the other character is a laid-back artist who values freedom above all.
2. The characters must have conflicting views on starting a family, with one adamantly wanting children and the other being hesitant.
3. Include a subplot where one character is dealing with a major health crisis that adds strain to their relationship.
4. Show the passage of time through seasons, mentioning specific holidays or events in each section of the story.
5. Incorporate flashback scenes that provide insight into how the characters' priorities have evolved over the years.
6. Use a third-person omniscient narration style to delve into the thoughts and emotions of both characters equally.
7. Introduce a wise elderly character who serves as a mentor to the main characters, offering advice on balancing priorities.
8. One character must have a cherished item from their youth that symbolizes their original priorities, which becomes a point of contention in the relationship.
9. Write the story in a non-linear format, jumping back and forth between different periods of the characters' lives to emphasize shifting priorities.
10. Include dialogue that showcases the characters' evolving perspectives on success, love, and fulfillment.
11. End the story with a bittersweet resolution that reflects the characters' growth and the sacrifices made to maintain their relationship.
12. Describe significant life events that force the characters to reassess their priorities, such as a job loss, a romantic betrayal, or a personal achievement.
13. The characters must have a shared hobby or passion that initially brought them together but is now threatened by their individual priorities.
14. Use symbolism such as a wilting flower or a fading photograph to represent the declining state of the characters' relationship.
15. Incorporate a series of misunderstandings and miscommunications that test the strength of the characters' bond.
16. Include a recurring motif of clocks or hourglasses to emphasize the fleeting nature of time and the urgency of addressing shifting priorities.
17. Show the characters engaging in acts of self-reflection and introspection as they navigate their changing desires and goals.
18. Introduce a subplot involving a forgotten promise or commitment that resurfaces as a point of contention between the characters.
19. Create a parallel between the external world (e.g., career demands, societal expectations) and the internal world of the characters (e.g., emotional needs, personal growth).
20. The story must explore the theme of compromise and sacrifice as essential components of maintaining a relationship amidst evolving priorities.","

Samantha and Jack had been together for over 20 years. They had met in college and had been inseparable ever since. They had built a life together, a life filled with love, laughter, and adventure. But as they aged, they found that their priorities were beginning to shift.

Samantha had always been focused on her career. She had worked hard to climb the corporate ladder and had achieved great success. But now, as she neared retirement, she found herself questioning her priorities. She wanted to spend more time with her family, especially her grandchildren, but she also didn't want to give up her hard-earned career.

Jack, on the other hand, had always been focused on his family. He had always put his wife and children first, even if it meant sacrificing his own career. But now, as he grew older, he found himself questioning his priorities. He wanted to continue working, to stay mentally sharp and active, but he also didn't want to neglect his family.

As they both struggled to shift their priorities, they found that their relationship was being put to the test. They would argue about who should be spending more time with the grandchildren, who should be working more, and who should be doing more around the house. They both felt like they were being pulled in different directions and didn't know how to balance their lives.

One day, Samantha and Jack decided to sit down and have a heart-to-heart conversation. They talked about their feelings, their priorities, and their fears. They realized that they both wanted the same thing, to spend more time with their family, but they also didn't want to give up their careers. They decided to make a compromise.

Samantha would continue to work part-time, but she would also make more time for her family. She would take more days off and spend more time with her grandchildren. Jack would also continue to work part-time, but he would also make more time for his family. He would take more days off and spend more time with his wife and children.

They both felt relieved that they had found a solution that worked for them. They realized that it wasn't about sacrificing one thing for another, but about finding a balance. They also realized that their relationship was more important than their careers and that they needed to work together to make it work.

As they aged, Samantha and Jack continued to navigate the challenges of balancing their priorities. They both knew that they couldn't have it all, but they also knew that they could have something. They continued to communicate openly and honestly with each other, to support each other through the ups and downs of life.

In the end, Samantha and Jack's relationship endured the test of time. They learned that it wasn't about who was right or who was wrong, but about finding a balance that worked for them. They learned that their relationship was more important than their careers and that they needed to work together to make it work. And as they looked back on their lives, they knew that they had made the right choices, choices that had brought them joy, love, and fulfillment.","1. Show the characters engaging in acts of self-reflection and introspection as they navigate their changing desires and goals.
2. Include a recurring motif of clocks or hourglasses to emphasize the fleeting nature of time and the urgency of addressing shifting priorities.
3. The characters must have a shared hobby or passion that initially brought them together but is now threatened by their individual priorities.
4. Include dialogue that showcases the characters' evolving perspectives on success, love, and fulfillment.
5. Create a parallel between the external world (e.g., career demands, societal expectations) and the internal world of the characters (e.g., emotional needs, personal growth).",5,"User: ""  Write about two characters struggling to shift their priorities and keep their relationship intact as they age."" 
 LLM generated story: "" 

Samantha and Jack had been together for over 20 years. They had met in college and had been inseparable ever since. They had built a life together, a life filled with love, laughter, and adventure. But as they aged, they found that their priorities were beginning to shift.

Samantha had always been focused on her career. She had worked hard to climb the corporate ladder and had achieved great success. But now, as she neared retirement, she found herself questioning her priorities. She wanted to spend more time with her family, especially her grandchildren, but she also didn't want to give up her hard-earned career.

Jack, on the other hand, had always been focused on his family. He had always put his wife and children first, even if it meant sacrificing his own career. But now, as he grew older, he found himself questioning his priorities. He wanted to continue working, to stay mentally sharp and active, but he also didn't want to neglect his family.

As they both struggled to shift their priorities, they found that their relationship was being put to the test. They would argue about who should be spending more time with the grandchildren, who should be working more, and who should be doing more around the house. They both felt like they were being pulled in different directions and didn't know how to balance their lives.

One day, Samantha and Jack decided to sit down and have a heart-to-heart conversation. They talked about their feelings, their priorities, and their fears. They realized that they both wanted the same thing, to spend more time with their family, but they also didn't want to give up their careers. They decided to make a compromise.

Samantha would continue to work part-time, but she would also make more time for her family. She would take more days off and spend more time with her grandchildren. Jack would also continue to work part-time, but he would also make more time for his family. He would take more days off and spend more time with his wife and children.

They both felt relieved that they had found a solution that worked for them. They realized that it wasn't about sacrificing one thing for another, but about finding a balance. They also realized that their relationship was more important than their careers and that they needed to work together to make it work.

As they aged, Samantha and Jack continued to navigate the challenges of balancing their priorities. They both knew that they couldn't have it all, but they also knew that they could have something. They continued to communicate openly and honestly with each other, to support each other through the ups and downs of life.

In the end, Samantha and Jack's relationship endured the test of time. They learned that it wasn't about who was right or who was wrong, but about finding a balance that worked for them. They learned that their relationship was more important than their careers and that they needed to work together to make it work. And as they looked back on their lives, they knew that they had made the right choices, choices that had brought them joy, love, and fulfillment. "" 
 User Instruction: "" Now modify the existing story to accommodate the following constraints: 1. Show the characters engaging in acts of self-reflection and introspection as they navigate their changing desires and goals.
2. Include a recurring motif of clocks or hourglasses to emphasize the fleeting nature of time and the urgency of addressing shifting priorities.
3. The characters must have a shared hobby or passion that initially brought them together but is now threatened by their individual priorities.
4. Include dialogue that showcases the characters' evolving perspectives on success, love, and fulfillment.
5. Create a parallel between the external world (e.g., career demands, societal expectations) and the internal world of the characters (e.g., emotional needs, personal growth). into the LLM generated story and come up with a new story within 500 words:  ","

As Samantha and Jack sat together on the porch of their home, they couldn't help but feel the weight of time pressing down on them. The ticking of the clock in the corner of the room was like an hourglass, reminding them of the fleeting nature of their lives. They had always been close, their shared love of music and photography had brought them together over 20 years ago. But now, as they aged, they found that their priorities were shifting.

Samantha had always been focused on her career. She had worked hard to climb the corporate ladder and had achieved great success. But now, as she neared retirement, she found herself questioning her priorities. She wanted to spend more time with her family, especially her grandchildren, but she also didn't want to give up her hard-earned career. She felt like she was being pulled in two different directions and didn't know how to balance her life.

Jack, on the other hand, had always been focused on his family. He had always put his wife and children first, even if it meant sacrificing his own career. But now, as he grew older, he found himself questioning his priorities. He wanted to continue working, to stay mentally sharp and active, but he also didn't want to neglect his family. He felt like he was being pulled in two different directions and didn't know how to balance his life.

As they sat together, they both began to engage in acts of self-reflection and introspection. They talked about their feelings, their priorities, and their fears. They realized that they both wanted the same thing, to spend more time with their family, but they also didn't want to give up their careers. They decided to make a compromise.

Samantha would continue to work part-time, but she would also make more time for her family. She would take more days off and spend more time with her grandchildren. Jack would also continue to work part-time, but he would also make more time for his family. He would take more days off and spend more time with his wife and children.

They both felt relieved that they had found a solution that worked for them. They realized that it wasn't about sacrificing one thing for another, but about finding a balance. They also realized that their relationship was more important than their careers and that they needed to work together to make it work.

As they continued to navigate the challenges of balancing their priorities, they found that their shared hobby of photography was threatened. Samantha had always been the more skilled photographer, and she felt like she didn't have time to spend on her hobby with her grandchildren. Jack, on the other hand, felt like he was neglecting his own creative side by spending too much time with his family.

As they talked about their feelings, they realized that their perspectives on success, love, and fulfillment were evolving. They both realized that their careers had brought them success, but that their relationships with their family had brought them fulfillment. They also realized that their hobby was a way for them to connect with each other and that they needed to make time for it.

They both decided to make a change. Samantha would spend more time with her grandchildren, learning to take photos together and enjoying the process. Jack would spend more time with his wife and children, teaching them about photography and encouraging their creativity. They both felt a sense of relief as they realized that they didn't have to choose between their careers and their families. They could find a balance that worked for them.

As they looked back on their lives, they realized that the ticking of the clock had been a reminder to make the most of the time they had. They had found a balance between their external world and their internal world, between their careers and their relationships. They had found fulfillment in their shared hobby and had grown closer as a result. They had learned that success wasn't just about achieving great things, but about finding happiness and fulfillment in the process. They had learned that love was about putting others first and that their relationship was more important than their careers. And as they looked into each other's eyes, they knew that they had made the right choices, choices that had brought them joy, love, and fulfillment."
Write a story about a pair of identical twins who have to learn to live their own lives after spending so much time together as children,Realistic Fiction,"1. Each twin must have a distinct, contrasting personality from the other.
2. The story should explore the internal struggle of each twin in finding their individual identity.
3. The twins must have a shared secret that they discover has different meanings for each of them.
4. Show their journey of self-discovery through at least three major life events.
5. Include a symbolic object that represents their bond as twins but also their growing independence.
6. Each twin must have a unique hobby or interest that sets them apart from each other.
7. One of the twins must have a romantic interest that causes friction between them.
8. Use flashback scenes to depict key moments from their childhood that shaped their relationship.
9. Employ a third-person omniscient narrator to provide insight into both twins' perspectives.
10. The story must have a non-linear timeline to emphasize the twins' individual paths.
11. Include dialogue that highlights the twins' misunderstandings due to their close bond.
12. The climax should involve a confrontation that forces the twins to confront their differences.
13. Incorporate a parallel between the twins' relationship and a natural phenomenon to symbolize their journey.
14. Use a descriptive writing style that captures the emotional depth of the twins' experiences.
15. Both twins must have conflicting career aspirations that drive a wedge between them.
16. Integrate a subplot involving a long-lost relative who challenges the twins' notions of family.
17. The conclusion should showcase each twin's newfound sense of self and independence.
18. Include a motif of mirrors or reflections to symbolize the twins' introspection.
19. The story must contain a major betrayal that tests the twins' bond.
20. End with a reflective monologue from one of the twins contemplating the future without the other.","

Samantha and Emily had always been inseparable. As identical twins, they shared everything - from their love for pink to their hatred for peas. They were the best of friends, and their bond was unbreakable. Growing up, they did everything together and knew each other better than anyone. But as they grew older, they began to realize that they would soon have to learn to live their own lives.

As they entered high school, their paths began to diverge. Samantha was a natural athlete and excelled in sports, while Emily was more interested in academics and science. They still spent time together, but their schedules were becoming increasingly different. They went to different schools, had different friends, and even started dating different people.

At first, Samantha and Emily were excited about the changes in their lives. They were eager to explore new things and discover their own passions. But as they spent more time apart, they began to feel a sense of loss. They were used to being together all the time, and the thought of not seeing their best friend every day was almost unbearable.

One day, Samantha and Emily decided to take a walk in the park together. They sat on a bench and talked about their feelings. ""I don't know what to do without you,"" Samantha said. ""You've always been there for me, and now that you're not, I feel like I don't know who I am.""

Emily nodded, understanding Samantha's feelings. ""I know it's hard,"" she said. ""But we have to remember that we're not just two halves of the same person. We're individuals with our own thoughts, feelings, and experiences. We may look alike, but we're not the same.""

Samantha took a deep breath, trying to process Emily's words. She had never thought of it that way before. ""I guess you're right,"" she said. ""We are different, and it's okay to be different. We don't have to be the same to love each other.""

Emily smiled, relieved that Samantha was starting to see things in a new light. ""Exactly,"" she said. ""We can still be close, but we don't have to do everything together. We can each pursue our own passions and interests, and that will make us even stronger as sisters.""

Samantha nodded, determined to make the most of their differences. She started trying new things, joining different clubs and sports teams, and even traveling to different countries. Emily did the same, exploring her love for science and technology and making new friends in the process.

As they continued to grow apart, Samantha and Emily learned to appreciate each other in new ways. They celebrated each other's successes, supported each other through difficult times, and shared their experiences with one another. They still had their moments of disagreement and frustration, but they also had moments of joy and laughter that they could only share with someone who truly understood them.

Eventually, Samantha and Emily both realized that they had grown into strong, independent women who were capable of making their own decisions and living their own lives. They still loved each other deeply, but they also loved themselves and their own passions and interests. They had learned to embrace their differences and celebrate their uniqueness, and they knew that they would always be there for each other, no matter what.

As they sat on that bench in the park, Samantha and Emily smiled at each other, grateful for the journey they had been on together. They had faced their fears and embraced their differences, and they had come out stronger for it. They knew that they would always be a pair of identical twins, but they also knew that they were so much more than that. They were two individual women, each with their own story to tell, and they were proud of the person they had become.",1. The climax should involve a confrontation that forces the twins to confront their differences.,1,"User: ""  Write a story about a pair of identical twins who have to learn to live their own lives after spending so much time together as children"" 
 LLM generated story: "" 

Samantha and Emily had always been inseparable. As identical twins, they shared everything - from their love for pink to their hatred for peas. They were the best of friends, and their bond was unbreakable. Growing up, they did everything together and knew each other better than anyone. But as they grew older, they began to realize that they would soon have to learn to live their own lives.

As they entered high school, their paths began to diverge. Samantha was a natural athlete and excelled in sports, while Emily was more interested in academics and science. They still spent time together, but their schedules were becoming increasingly different. They went to different schools, had different friends, and even started dating different people.

At first, Samantha and Emily were excited about the changes in their lives. They were eager to explore new things and discover their own passions. But as they spent more time apart, they began to feel a sense of loss. They were used to being together all the time, and the thought of not seeing their best friend every day was almost unbearable.

One day, Samantha and Emily decided to take a walk in the park together. They sat on a bench and talked about their feelings. ""I don't know what to do without you,"" Samantha said. ""You've always been there for me, and now that you're not, I feel like I don't know who I am.""

Emily nodded, understanding Samantha's feelings. ""I know it's hard,"" she said. ""But we have to remember that we're not just two halves of the same person. We're individuals with our own thoughts, feelings, and experiences. We may look alike, but we're not the same.""

Samantha took a deep breath, trying to process Emily's words. She had never thought of it that way before. ""I guess you're right,"" she said. ""We are different, and it's okay to be different. We don't have to be the same to love each other.""

Emily smiled, relieved that Samantha was starting to see things in a new light. ""Exactly,"" she said. ""We can still be close, but we don't have to do everything together. We can each pursue our own passions and interests, and that will make us even stronger as sisters.""

Samantha nodded, determined to make the most of their differences. She started trying new things, joining different clubs and sports teams, and even traveling to different countries. Emily did the same, exploring her love for science and technology and making new friends in the process.

As they continued to grow apart, Samantha and Emily learned to appreciate each other in new ways. They celebrated each other's successes, supported each other through difficult times, and shared their experiences with one another. They still had their moments of disagreement and frustration, but they also had moments of joy and laughter that they could only share with someone who truly understood them.

Eventually, Samantha and Emily both realized that they had grown into strong, independent women who were capable of making their own decisions and living their own lives. They still loved each other deeply, but they also loved themselves and their own passions and interests. They had learned to embrace their differences and celebrate their uniqueness, and they knew that they would always be there for each other, no matter what.

As they sat on that bench in the park, Samantha and Emily smiled at each other, grateful for the journey they had been on together. They had faced their fears and embraced their differences, and they had come out stronger for it. They knew that they would always be a pair of identical twins, but they also knew that they were so much more than that. They were two individual women, each with their own story to tell, and they were proud of the person they had become. "" 
 User Instruction: "" Now modify the existing story to accommodate the following constraints: 1. The climax should involve a confrontation that forces the twins to confront their differences. into the LLM generated story and come up with a new story within 500 words:  ","

Samantha and Emily had always been inseparable. As identical twins, they shared everything - from their love for pink to their hatred for peas. They were the best of friends, and their bond was unbreakable. Growing up, they did everything together, but as they entered high school, their paths began to diverge. Samantha was a natural athlete and excelled in sports, while Emily was more interested in academics and science. They still spent time together, but their schedules were becoming increasingly different. They went to different schools, had different friends, and even started dating different people.

At first, Samantha and Emily were excited about the changes in their lives. They were eager to explore new things and discover their own passions. But as they spent more time apart, they began to feel a sense of loss. They were used to being together all the time, and the thought of not seeing their best friend every day was almost unbearable.

One day, Samantha and Emily decided to take a walk in the park together. They sat on a bench and talked about their feelings. ""I don't know what to do without you,"" Samantha said. ""You've always been there for me, and now that you're not, I feel like I don't know who I am.""

Emily nodded, understanding Samantha's feelings. ""I know it's hard,"" she said. ""But we have to remember that we're not just two halves of the same person. We're individuals with our own thoughts, feelings, and experiences. We may look alike, but we're not the same.""

Samantha took a deep breath, trying to process Emily's words. She had never thought of it that way before. ""I guess you're right,"" she said. ""We are different, and it's okay to be different. We don't have to be the same to love each other.""

Emily smiled, relieved that Samantha was starting to see things in a new light. ""Exactly,"" she said. ""We can still be close, but we don't have to do everything together. We can each pursue our own passions and interests, and that will make us even stronger as sisters.""

Samantha nodded, determined to make the most of their differences. She started trying new things, joining different clubs and sports teams, and even traveling to different countries. Emily did the same, exploring her love for science and technology and making new friends in the process.

As they continued to grow apart, Samantha and Emily learned to appreciate each other in new ways. They celebrated each other's successes, supported each other through difficult times, and shared their experiences with one another. They still had their moments of disagreement and frustration, but they also had moments of joy and laughter that they could only share with someone who truly understood them.

Eventually, Samantha and Emily both realized that they had grown into strong, independent women who were capable of making their own decisions and living their own lives. They still loved each other deeply, but they also loved themselves and their own passions and interests. They had learned to embrace their differences and celebrate their uniqueness, and they knew that they would always be there for each other, no matter what.

As they sat on that bench in the park, Samantha and Emily smiled at each other, grateful for the journey they had been on together. They had faced their fears and embraced their differences, and they had come out stronger for it. They knew that they would always be a pair of identical twins, but they also knew that they were so much more than that. They were two individual women, each with their own story to tell, and they were proud of the person they had become.

But their journey was far from over. One day, Samantha and Emily received an invitation to compete in a prestigious science fair. They were thrilled at the opportunity, but also nervous about the challenge ahead. They knew that they would have to work together, but they also knew that they would have to confront their differences head-on.

They decided to divide the project into two parts, each focusing on a different aspect of their shared passion for science. Samantha would work on the practical aspects of the project, designing and building the device, while Emily would focus on the theoretical aspects, conducting research and analyzing data.

At first, Samantha and Emily were excited about the opportunity to work together again. They were eager to share their ideas and collaborate on the project. But as they began to work, they realized that their differences were not just a strength, but also a challenge.

Samantha was a natural problem solver and thrived in a hands-on environment. She loved nothing more than figuring out how to make something work and was always looking for new challenges. Emily, on the other hand, was more analytical and detail-oriented. She loved to research and analyze data, and was always looking for patterns and connections.

As they worked together, Samantha and Emily quickly realized that their different approaches to problem-solving were not always compatible. Samantha's practical solutions often clashed with Emily's analytical approach, and they found themselves arguing and disagreeing more than they had in the past.

At first, Samantha and Emily tried to ignore the tension and focus on the task at hand. But as the deadline for the science fair approached, they realized that they needed to confront their differences head-on if they were going to succeed.

They decided to take a break from the project and sit down together to talk about their feelings. ""I don't know how we're going to do this,"" Samantha said. ""We always had our differences, but now it feels like we're at odds.""

Emily nodded, understanding Samantha's frustration. ""I know,"" she said. ""But we can't let our differences get in the way of our shared passion for science. We have to find a way to work together and support each other.""

Samantha took a deep breath, trying to process Emily's words. She had never thought of it that way before. ""You're right,"" she said. ""We have to find a way to appreciate each other's strengths and work together to create something amazing.""

Emily smiled, relieved that Samantha was starting to see things in a new light. ""Exactly,"" she said. ""We can still be close, but we have to be willing to compromise and find common ground. We have to be willing to listen to each other and understand each other's perspectives.""

Samantha nodded, determined to make the most of their differences. She started by really listening to Emily's ideas and insights, and by trying to see things from her perspective. Emily did the same, by being more open to Samantha's practical solutions and by trying to find ways to incorporate them into their project.

Slowly but surely, Samantha and Emily began to work together more effectively. They found common ground, compromised when necessary, and supported each other through the challenges of the science fair. They still had their moments of disagreement and frustration, but they also had moments of joy and laughter that they could only share with someone who truly understood them.

In the end, Samantha and Emily's project was a huge success. They won first prize in the science fair, and their device was hailed as a groundbreaking innovation in the field of science. But more importantly, they learned that their differences were not a weakness, but a strength. They learned that by working together and supporting each other, they could create something truly amazing.

As they stood on stage, accepting their award, Samantha and Emily looked out at the audience and smiled. They knew that they had come a long way since their days of playing together in the park, but they also knew that they had grown into strong, independent women who were capable of making their own decisions and living their own lives.

They knew that they would always be there for each other, no matter what challenges they faced. They knew that they would always be a pair of identical twins, but they also knew that they were so much more than that. They were two individual women, each with their own story to tell, and they were proud of the person they had become."
Write a story about a pair of identical twins who have to learn to live their own lives after spending so much time together as children,Realistic Fiction,"1. Each twin must have a distinct, contrasting personality from the other.
2. The story should explore the internal struggle of each twin in finding their individual identity.
3. The twins must have a shared secret that they discover has different meanings for each of them.
4. Show their journey of self-discovery through at least three major life events.
5. Include a symbolic object that represents their bond as twins but also their growing independence.
6. Each twin must have a unique hobby or interest that sets them apart from each other.
7. One of the twins must have a romantic interest that causes friction between them.
8. Use flashback scenes to depict key moments from their childhood that shaped their relationship.
9. Employ a third-person omniscient narrator to provide insight into both twins' perspectives.
10. The story must have a non-linear timeline to emphasize the twins' individual paths.
11. Include dialogue that highlights the twins' misunderstandings due to their close bond.
12. The climax should involve a confrontation that forces the twins to confront their differences.
13. Incorporate a parallel between the twins' relationship and a natural phenomenon to symbolize their journey.
14. Use a descriptive writing style that captures the emotional depth of the twins' experiences.
15. Both twins must have conflicting career aspirations that drive a wedge between them.
16. Integrate a subplot involving a long-lost relative who challenges the twins' notions of family.
17. The conclusion should showcase each twin's newfound sense of self and independence.
18. Include a motif of mirrors or reflections to symbolize the twins' introspection.
19. The story must contain a major betrayal that tests the twins' bond.
20. End with a reflective monologue from one of the twins contemplating the future without the other.","

Samantha and Emily had always been inseparable. As identical twins, they shared everything - from their love for pink to their hatred for peas. They were the best of friends, and their bond was unbreakable. Growing up, they did everything together and knew each other better than anyone. But as they grew older, they began to realize that they would soon have to learn to live their own lives.

As they entered high school, their paths began to diverge. Samantha was a natural athlete and excelled in sports, while Emily was more interested in academics and science. They still spent time together, but their schedules were becoming increasingly different. They went to different schools, had different friends, and even started dating different people.

At first, Samantha and Emily were excited about the changes in their lives. They were eager to explore new things and discover their own passions. But as they spent more time apart, they began to feel a sense of loss. They were used to being together all the time, and the thought of not seeing their best friend every day was almost unbearable.

One day, Samantha and Emily decided to take a walk in the park together. They sat on a bench and talked about their feelings. ""I don't know what to do without you,"" Samantha said. ""You've always been there for me, and now that you're not, I feel like I don't know who I am.""

Emily nodded, understanding Samantha's feelings. ""I know it's hard,"" she said. ""But we have to remember that we're not just two halves of the same person. We're individuals with our own thoughts, feelings, and experiences. We may look alike, but we're not the same.""

Samantha took a deep breath, trying to process Emily's words. She had never thought of it that way before. ""I guess you're right,"" she said. ""We are different, and it's okay to be different. We don't have to be the same to love each other.""

Emily smiled, relieved that Samantha was starting to see things in a new light. ""Exactly,"" she said. ""We can still be close, but we don't have to do everything together. We can each pursue our own passions and interests, and that will make us even stronger as sisters.""

Samantha nodded, determined to make the most of their differences. She started trying new things, joining different clubs and sports teams, and even traveling to different countries. Emily did the same, exploring her love for science and technology and making new friends in the process.

As they continued to grow apart, Samantha and Emily learned to appreciate each other in new ways. They celebrated each other's successes, supported each other through difficult times, and shared their experiences with one another. They still had their moments of disagreement and frustration, but they also had moments of joy and laughter that they could only share with someone who truly understood them.

Eventually, Samantha and Emily both realized that they had grown into strong, independent women who were capable of making their own decisions and living their own lives. They still loved each other deeply, but they also loved themselves and their own passions and interests. They had learned to embrace their differences and celebrate their uniqueness, and they knew that they would always be there for each other, no matter what.

As they sat on that bench in the park, Samantha and Emily smiled at each other, grateful for the journey they had been on together. They had faced their fears and embraced their differences, and they had come out stronger for it. They knew that they would always be a pair of identical twins, but they also knew that they were so much more than that. They were two individual women, each with their own story to tell, and they were proud of the person they had become.","1. The story must contain a major betrayal that tests the twins' bond.
2. One of the twins must have a romantic interest that causes friction between them.
3. The conclusion should showcase each twin's newfound sense of self and independence.",3,"User: ""  Write a story about a pair of identical twins who have to learn to live their own lives after spending so much time together as children"" 
 LLM generated story: "" 

Samantha and Emily had always been inseparable. As identical twins, they shared everything - from their love for pink to their hatred for peas. They were the best of friends, and their bond was unbreakable. Growing up, they did everything together and knew each other better than anyone. But as they grew older, they began to realize that they would soon have to learn to live their own lives.

As they entered high school, their paths began to diverge. Samantha was a natural athlete and excelled in sports, while Emily was more interested in academics and science. They still spent time together, but their schedules were becoming increasingly different. They went to different schools, had different friends, and even started dating different people.

At first, Samantha and Emily were excited about the changes in their lives. They were eager to explore new things and discover their own passions. But as they spent more time apart, they began to feel a sense of loss. They were used to being together all the time, and the thought of not seeing their best friend every day was almost unbearable.

One day, Samantha and Emily decided to take a walk in the park together. They sat on a bench and talked about their feelings. ""I don't know what to do without you,"" Samantha said. ""You've always been there for me, and now that you're not, I feel like I don't know who I am.""

Emily nodded, understanding Samantha's feelings. ""I know it's hard,"" she said. ""But we have to remember that we're not just two halves of the same person. We're individuals with our own thoughts, feelings, and experiences. We may look alike, but we're not the same.""

Samantha took a deep breath, trying to process Emily's words. She had never thought of it that way before. ""I guess you're right,"" she said. ""We are different, and it's okay to be different. We don't have to be the same to love each other.""

Emily smiled, relieved that Samantha was starting to see things in a new light. ""Exactly,"" she said. ""We can still be close, but we don't have to do everything together. We can each pursue our own passions and interests, and that will make us even stronger as sisters.""

Samantha nodded, determined to make the most of their differences. She started trying new things, joining different clubs and sports teams, and even traveling to different countries. Emily did the same, exploring her love for science and technology and making new friends in the process.

As they continued to grow apart, Samantha and Emily learned to appreciate each other in new ways. They celebrated each other's successes, supported each other through difficult times, and shared their experiences with one another. They still had their moments of disagreement and frustration, but they also had moments of joy and laughter that they could only share with someone who truly understood them.

Eventually, Samantha and Emily both realized that they had grown into strong, independent women who were capable of making their own decisions and living their own lives. They still loved each other deeply, but they also loved themselves and their own passions and interests. They had learned to embrace their differences and celebrate their uniqueness, and they knew that they would always be there for each other, no matter what.

As they sat on that bench in the park, Samantha and Emily smiled at each other, grateful for the journey they had been on together. They had faced their fears and embraced their differences, and they had come out stronger for it. They knew that they would always be a pair of identical twins, but they also knew that they were so much more than that. They were two individual women, each with their own story to tell, and they were proud of the person they had become. "" 
 User Instruction: "" Now modify the existing story to accommodate the following constraints: 1. The story must contain a major betrayal that tests the twins' bond.
2. One of the twins must have a romantic interest that causes friction between them.
3. The conclusion should showcase each twin's newfound sense of self and independence. into the LLM generated story and come up with a new story within 500 words:  ","

""

Samantha and Emily had always been inseparable. As identical twins, they shared everything - from their love for pink to their hatred for peas. They were the best of friends, and their bond was unbreakable. Growing up, they did everything together and knew each other better than anyone. But as they grew older, they began to realize that they would soon have to learn to live their own lives.

As they entered high school, their paths began to diverge. Samantha was a natural athlete and excelled in sports, while Emily was more interested in academics and science. They still spent time together, but their schedules were becoming increasingly different. They went to different schools, had different friends, and even started dating different people.

At first, Samantha and Emily were excited about the changes in their lives. They were eager to explore new things and discover their own passions. But as they spent more time apart, they began to feel a sense of loss. They were used to being together all the time, and the thought of not seeing their best friend every day was almost unbearable.

One day, Samantha and Emily decided to take a walk in the park together. They sat on a bench and talked about their feelings. ""I don't know what to do without you,"" Samantha said. ""You've always been there for me, and now that you're not, I feel like I don't know who I am.""

Emily nodded, understanding Samantha's feelings. ""I know it's hard,"" she said. ""But we have to remember that we're not just two halves of the same person. We're individuals with our own thoughts, feelings, and experiences. We may look alike, but we're not the same.""

Samantha took a deep breath, trying to process Emily's words. She had never thought of it that way before. ""I guess you're right,"" she said. ""We are different, and it's okay to be different. We don't have to be the same to love each other.""

Emily smiled, relieved that Samantha was starting to see things in a new light. ""Exactly,"" she said. ""We can still be close, but we don't have to do everything together. We can each pursue our own passions and interests, and that will make us even stronger as sisters.""

Samantha nodded, determined to make the most of their differences. She started trying new things, joining different clubs and sports teams, and even traveling to different countries. Emily did the same, exploring her love for science and technology and making new friends in the process.

As they continued to grow apart, Samantha and Emily learned to appreciate each other in new ways. They celebrated each other's successes, supported each other through difficult times, and shared their experiences with one another. They still had their moments of disagreement and frustration, but they also had moments of joy and laughter that they could only share with someone who truly understood them.

One day, Samantha met someone new at a party. He was tall, handsome, and had a charming smile. They hit it off immediately, and Samantha found herself drawn to him in a way she had never felt before. She started seeing him regularly, and they quickly became inseparable.

Emily, on the other hand, had always been interested in one of her classmates. He was smart, funny, and shared her love for science. They started dating, and Emily was happy. But as she spent more time with him, she began to realize that he didn't treat her the way she deserved to be treated. He was controlling and jealous, and he would get angry if she spent time with her family or friends.

As Emily tried to navigate her relationship, she confided in Samantha about her feelings. Samantha listened, concerned for her sister's happiness. ""You deserve better than this,"" she said. ""He's not treating you right, and you deserve someone who loves and respects you for who you are.""

Emily nodded, grateful for Samantha's support. ""I know,"" she said. ""But it's hard to let go. He's my first love, and I don't want to give that up.""

Samantha understood Emily's feelings, but she also knew that she had to put her own happiness first. She sat down with Emily and had a heart-to-heart conversation. ""I know how hard this is for you,"" she said. ""But I also know that you deserve better. You deserve someone who loves you for who you are, and who respects your choices and decisions. You don't have to give up on love, but you do have to be careful about who you choose to love.""

Emily nodded, taking in Samantha's words. She knew that her sister was right, and she made the difficult decision to end things with her boyfriend. It was hard, but she felt better for it.

As Samantha and Emily continued to grow apart, they both faced new challenges and obstacles. Samantha struggled with her new relationship, feeling guilty for leaving her twin sister behind. Emily struggled with her own identity, trying to find her place in the world without her twin by her side.

But through it all, they remained supportive of each other. They talked regularly, offering advice and comfort when needed. They celebrated each other's successes, and they were there for each other during difficult times.

One day, Samantha and Emily decided to take a trip together. They went to a new city, explored new places, and tried new things. They laughed, talked, and shared memories that they would cherish forever.

As they sat on a bench overlooking the city, Samantha and Emily looked at each other and smiled. They had faced their fears and overcome their challenges, and they had come out stronger for it. They were still twin sisters, but they were also two independent women, each with their own story to tell.

""I'm so proud of you,"" Samantha said, looking at Emily. ""You've grown so much, and you're such an amazing person.""

Emily smiled, looking back at Samantha. ""I'm proud of you too,"" she said. ""You've faced your own challenges and come out on top. You're an inspiration to me.""

As they continued to talk and laugh, Samantha and Emily knew that they would always be there for each other, no matter what. They had faced their fears and embraced their differences, and they had come out stronger for it. They were two individuals, each with their own story to tell, and they were proud of the person they had become. "" 

As Samantha and Emily walked away from the bench, they both felt a sense of joy and pride. They had faced their fears and overcome their challenges, and they had come out stronger for it. They were no longer just twin sisters, but two independent women, each with their own story to tell. They knew that they would always be there for each other, but they also knew that they had the courage and determination to forge their own paths in the world."
Write a story about a pair of identical twins who have to learn to live their own lives after spending so much time together as children,Realistic Fiction,"1. Each twin must have a distinct, contrasting personality from the other.
2. The story should explore the internal struggle of each twin in finding their individual identity.
3. The twins must have a shared secret that they discover has different meanings for each of them.
4. Show their journey of self-discovery through at least three major life events.
5. Include a symbolic object that represents their bond as twins but also their growing independence.
6. Each twin must have a unique hobby or interest that sets them apart from each other.
7. One of the twins must have a romantic interest that causes friction between them.
8. Use flashback scenes to depict key moments from their childhood that shaped their relationship.
9. Employ a third-person omniscient narrator to provide insight into both twins' perspectives.
10. The story must have a non-linear timeline to emphasize the twins' individual paths.
11. Include dialogue that highlights the twins' misunderstandings due to their close bond.
12. The climax should involve a confrontation that forces the twins to confront their differences.
13. Incorporate a parallel between the twins' relationship and a natural phenomenon to symbolize their journey.
14. Use a descriptive writing style that captures the emotional depth of the twins' experiences.
15. Both twins must have conflicting career aspirations that drive a wedge between them.
16. Integrate a subplot involving a long-lost relative who challenges the twins' notions of family.
17. The conclusion should showcase each twin's newfound sense of self and independence.
18. Include a motif of mirrors or reflections to symbolize the twins' introspection.
19. The story must contain a major betrayal that tests the twins' bond.
20. End with a reflective monologue from one of the twins contemplating the future without the other.","

Samantha and Emily had always been inseparable. As identical twins, they shared everything - from their love for pink to their hatred for peas. They were the best of friends, and their bond was unbreakable. Growing up, they did everything together and knew each other better than anyone. But as they grew older, they began to realize that they would soon have to learn to live their own lives.

As they entered high school, their paths began to diverge. Samantha was a natural athlete and excelled in sports, while Emily was more interested in academics and science. They still spent time together, but their schedules were becoming increasingly different. They went to different schools, had different friends, and even started dating different people.

At first, Samantha and Emily were excited about the changes in their lives. They were eager to explore new things and discover their own passions. But as they spent more time apart, they began to feel a sense of loss. They were used to being together all the time, and the thought of not seeing their best friend every day was almost unbearable.

One day, Samantha and Emily decided to take a walk in the park together. They sat on a bench and talked about their feelings. ""I don't know what to do without you,"" Samantha said. ""You've always been there for me, and now that you're not, I feel like I don't know who I am.""

Emily nodded, understanding Samantha's feelings. ""I know it's hard,"" she said. ""But we have to remember that we're not just two halves of the same person. We're individuals with our own thoughts, feelings, and experiences. We may look alike, but we're not the same.""

Samantha took a deep breath, trying to process Emily's words. She had never thought of it that way before. ""I guess you're right,"" she said. ""We are different, and it's okay to be different. We don't have to be the same to love each other.""

Emily smiled, relieved that Samantha was starting to see things in a new light. ""Exactly,"" she said. ""We can still be close, but we don't have to do everything together. We can each pursue our own passions and interests, and that will make us even stronger as sisters.""

Samantha nodded, determined to make the most of their differences. She started trying new things, joining different clubs and sports teams, and even traveling to different countries. Emily did the same, exploring her love for science and technology and making new friends in the process.

As they continued to grow apart, Samantha and Emily learned to appreciate each other in new ways. They celebrated each other's successes, supported each other through difficult times, and shared their experiences with one another. They still had their moments of disagreement and frustration, but they also had moments of joy and laughter that they could only share with someone who truly understood them.

Eventually, Samantha and Emily both realized that they had grown into strong, independent women who were capable of making their own decisions and living their own lives. They still loved each other deeply, but they also loved themselves and their own passions and interests. They had learned to embrace their differences and celebrate their uniqueness, and they knew that they would always be there for each other, no matter what.

As they sat on that bench in the park, Samantha and Emily smiled at each other, grateful for the journey they had been on together. They had faced their fears and embraced their differences, and they had come out stronger for it. They knew that they would always be a pair of identical twins, but they also knew that they were so much more than that. They were two individual women, each with their own story to tell, and they were proud of the person they had become.","1. Include a symbolic object that represents their bond as twins but also their growing independence.
2. The story must have a non-linear timeline to emphasize the twins' individual paths.
3. End with a reflective monologue from one of the twins contemplating the future without the other.
4. Show their journey of self-discovery through at least three major life events.
5. Employ a third-person omniscient narrator to provide insight into both twins' perspectives.",5,"User: ""  Write a story about a pair of identical twins who have to learn to live their own lives after spending so much time together as children"" 
 LLM generated story: "" 

Samantha and Emily had always been inseparable. As identical twins, they shared everything - from their love for pink to their hatred for peas. They were the best of friends, and their bond was unbreakable. Growing up, they did everything together and knew each other better than anyone. But as they grew older, they began to realize that they would soon have to learn to live their own lives.

As they entered high school, their paths began to diverge. Samantha was a natural athlete and excelled in sports, while Emily was more interested in academics and science. They still spent time together, but their schedules were becoming increasingly different. They went to different schools, had different friends, and even started dating different people.

At first, Samantha and Emily were excited about the changes in their lives. They were eager to explore new things and discover their own passions. But as they spent more time apart, they began to feel a sense of loss. They were used to being together all the time, and the thought of not seeing their best friend every day was almost unbearable.

One day, Samantha and Emily decided to take a walk in the park together. They sat on a bench and talked about their feelings. ""I don't know what to do without you,"" Samantha said. ""You've always been there for me, and now that you're not, I feel like I don't know who I am.""

Emily nodded, understanding Samantha's feelings. ""I know it's hard,"" she said. ""But we have to remember that we're not just two halves of the same person. We're individuals with our own thoughts, feelings, and experiences. We may look alike, but we're not the same.""

Samantha took a deep breath, trying to process Emily's words. She had never thought of it that way before. ""I guess you're right,"" she said. ""We are different, and it's okay to be different. We don't have to be the same to love each other.""

Emily smiled, relieved that Samantha was starting to see things in a new light. ""Exactly,"" she said. ""We can still be close, but we don't have to do everything together. We can each pursue our own passions and interests, and that will make us even stronger as sisters.""

Samantha nodded, determined to make the most of their differences. She started trying new things, joining different clubs and sports teams, and even traveling to different countries. Emily did the same, exploring her love for science and technology and making new friends in the process.

As they continued to grow apart, Samantha and Emily learned to appreciate each other in new ways. They celebrated each other's successes, supported each other through difficult times, and shared their experiences with one another. They still had their moments of disagreement and frustration, but they also had moments of joy and laughter that they could only share with someone who truly understood them.

Eventually, Samantha and Emily both realized that they had grown into strong, independent women who were capable of making their own decisions and living their own lives. They still loved each other deeply, but they also loved themselves and their own passions and interests. They had learned to embrace their differences and celebrate their uniqueness, and they knew that they would always be there for each other, no matter what.

As they sat on that bench in the park, Samantha and Emily smiled at each other, grateful for the journey they had been on together. They had faced their fears and embraced their differences, and they had come out stronger for it. They knew that they would always be a pair of identical twins, but they also knew that they were so much more than that. They were two individual women, each with their own story to tell, and they were proud of the person they had become. "" 
 User Instruction: "" Now modify the existing story to accommodate the following constraints: 1. Include a symbolic object that represents their bond as twins but also their growing independence.
2. The story must have a non-linear timeline to emphasize the twins' individual paths.
3. End with a reflective monologue from one of the twins contemplating the future without the other.
4. Show their journey of self-discovery through at least three major life events.
5. Employ a third-person omniscient narrator to provide insight into both twins' perspectives. into the LLM generated story and come up with a new story within 500 words:  ","

Modified Story: 

Samantha and Emily had always been inseparable. As identical twins, they shared everything - from their love for pink to their hatred for peas. They were the best of friends, and their bond was unbreakable. Growing up, they did everything together and knew each other better than anyone. But as they grew older, they began to realize that they would soon have to learn to live their own lives.

As they entered high school, their paths began to diverge. Samantha was a natural athlete and excelled in sports, while Emily was more interested in academics and science. They still spent time together, but their schedules were becoming increasingly different. They went to different schools, had different friends, and even started dating different people.

One day, as Samantha and Emily were walking through the park, they came across a beautiful butterfly. It was a symbol of transformation and growth, and they both felt a sense of awe at its beauty. They decided to take a closer look at the butterfly and marvel at its intricate wings.

As they stood there, Samantha and Emily realized that they were standing at a crossroads in their lives. They had been so focused on their bond as twins that they had neglected their individual paths. They knew that they couldn't continue to live their lives as one, but they were scared of what the future held.

The butterfly became a symbol of their growing independence. It represented the idea that they could still be connected to each other, even as they pursued different paths. They decided to take a leap of faith and follow their dreams, even if it meant being apart for a while.

As Samantha and Emily continued to grow and evolve, they experienced a series of major life events that tested their bond and their independence. Samantha went to college and became a star athlete, while Emily pursued her passion for science and technology and started her own business. They both faced challenges and triumphs, but they always supported each other through the ups and downs.

As the years passed, Samantha and Emily found themselves on opposite coasts, living their lives in different ways. But they never lost touch, and they continued to be there for each other, even if it was from a distance. They talked on the phone, visited each other, and shared their experiences with one another.

One day, as Samantha sat on her balcony overlooking the city, she couldn't help but think about how far she had come. She had followed her dreams and built a successful career, but she had also faced many challenges along the way. And through it all, she had her sister Emily by her side, supporting her and believing in her.

As she looked out at the world, Samantha realized that she was ready to face whatever the future held. She was proud of who she had become and grateful for the journey she had been on with Emily. But she also knew that she had to be ready to move on, to pursue her own dreams and passions, even if it meant being apart from her sister for a while.

""I guess this is the way things are supposed to be,"" Samantha thought to herself. ""We're still connected, but we're also independent. We can each pursue our own paths and follow our own dreams, and that's what makes us stronger as sisters.""

Samantha smiled, feeling a sense of peace and contentment. She knew that she and Emily would always be a part of each other's lives, but they were also ready to move forward, to embrace their individual paths and make their own way in the world."
