Instruction,Category,Constraints,BaseStory,SelectedConstraints,Number_of_Constraints,Final_Prompt,FinalGeneratedStory
Write about two characters struggling to shift their priorities and keep their relationship intact as they age.,Realistic Fiction,"1. One character must be a workaholic CEO in the corporate world, while the other character is a laid-back artist who values freedom above all.
2. The characters must have conflicting views on starting a family, with one adamantly wanting children and the other being hesitant.
3. Include a subplot where one character is dealing with a major health crisis that adds strain to their relationship.
4. Show the passage of time through seasons, mentioning specific holidays or events in each section of the story.
5. Incorporate flashback scenes that provide insight into how the characters' priorities have evolved over the years.
6. Use a third-person omniscient narration style to delve into the thoughts and emotions of both characters equally.
7. Introduce a wise elderly character who serves as a mentor to the main characters, offering advice on balancing priorities.
8. One character must have a cherished item from their youth that symbolizes their original priorities, which becomes a point of contention in the relationship.
9. Write the story in a non-linear format, jumping back and forth between different periods of the characters' lives to emphasize shifting priorities.
10. Include dialogue that showcases the characters' evolving perspectives on success, love, and fulfillment.
11. End the story with a bittersweet resolution that reflects the characters' growth and the sacrifices made to maintain their relationship.
12. Describe significant life events that force the characters to reassess their priorities, such as a job loss, a romantic betrayal, or a personal achievement.
13. The characters must have a shared hobby or passion that initially brought them together but is now threatened by their individual priorities.
14. Use symbolism such as a wilting flower or a fading photograph to represent the declining state of the characters' relationship.
15. Incorporate a series of misunderstandings and miscommunications that test the strength of the characters' bond.
16. Include a recurring motif of clocks or hourglasses to emphasize the fleeting nature of time and the urgency of addressing shifting priorities.
17. Show the characters engaging in acts of self-reflection and introspection as they navigate their changing desires and goals.
18. Introduce a subplot involving a forgotten promise or commitment that resurfaces as a point of contention between the characters.
19. Create a parallel between the external world (e.g., career demands, societal expectations) and the internal world of the characters (e.g., emotional needs, personal growth).
20. The story must explore the theme of compromise and sacrifice as essential components of maintaining a relationship amidst evolving priorities.","

Samantha and Jack had been together for over 20 years. They had met in college and had been inseparable ever since. They had built a life together, a life filled with love, laughter, and adventure. But as they aged, they found that their priorities were beginning to shift.

Samantha had always been focused on her career. She had worked hard to climb the corporate ladder and had achieved great success. But now, as she neared retirement, she found herself questioning her priorities. She wanted to spend more time with her family, especially her grandchildren, but she also didn't want to give up her hard-earned career.

Jack, on the other hand, had always been focused on his family. He had always put his wife and children first, even if it meant sacrificing his own career. But now, as he grew older, he found himself questioning his priorities. He wanted to continue working, to stay mentally sharp and active, but he also didn't want to neglect his family.

As they both struggled to shift their priorities, they found that their relationship was being put to the test. They would argue about who should be spending more time with the grandchildren, who should be working more, and who should be doing more around the house. They both felt like they were being pulled in different directions and didn't know how to balance their lives.

One day, Samantha and Jack decided to sit down and have a heart-to-heart conversation. They talked about their feelings, their priorities, and their fears. They realized that they both wanted the same thing, to spend more time with their family, but they also didn't want to give up their careers. They decided to make a compromise.

Samantha would continue to work part-time, but she would also make more time for her family. She would take more days off and spend more time with her grandchildren. Jack would also continue to work part-time, but he would also make more time for his family. He would take more days off and spend more time with his wife and children.

They both felt relieved that they had found a solution that worked for them. They realized that it wasn't about sacrificing one thing for another, but about finding a balance. They also realized that their relationship was more important than their careers and that they needed to work together to make it work.

As they aged, Samantha and Jack continued to navigate the challenges of balancing their priorities. They both knew that they couldn't have it all, but they also knew that they could have something. They continued to communicate openly and honestly with each other, to support each other through the ups and downs of life.

In the end, Samantha and Jack's relationship endured the test of time. They learned that it wasn't about who was right or who was wrong, but about finding a balance that worked for them. They learned that their relationship was more important than their careers and that they needed to work together to make it work. And as they looked back on their lives, they knew that they had made the right choices, choices that had brought them joy, love, and fulfillment.","1. One character must be a workaholic CEO in the corporate world, while the other character is a laid-back artist who values freedom above all.
2. The characters must have conflicting views on starting a family, with one adamantly wanting children and the other being hesitant.
3. Include a subplot where one character is dealing with a major health crisis that adds strain to their relationship.",3,"User: ""  Write about two characters struggling to shift their priorities and keep their relationship intact as they age."" 
 LLM generated story: "" 

Samantha and Jack had been together for over 20 years. They had met in college and had been inseparable ever since. They had built a life together, a life filled with love, laughter, and adventure. But as they aged, they found that their priorities were beginning to shift.

Samantha had always been focused on her career. She had worked hard to climb the corporate ladder and had achieved great success. But now, as she neared retirement, she found herself questioning her priorities. She wanted to spend more time with her family, especially her grandchildren, but she also didn't want to give up her hard-earned career.

Jack, on the other hand, had always been focused on his family. He had always put his wife and children first, even if it meant sacrificing his own career. But now, as he grew older, he found himself questioning his priorities. He wanted to continue working, to stay mentally sharp and active, but he also didn't want to neglect his family.

As they both struggled to shift their priorities, they found that their relationship was being put to the test. They would argue about who should be spending more time with the grandchildren, who should be working more, and who should be doing more around the house. They both felt like they were being pulled in different directions and didn't know how to balance their lives.

One day, Samantha and Jack decided to sit down and have a heart-to-heart conversation. They talked about their feelings, their priorities, and their fears. They realized that they both wanted the same thing, to spend more time with their family, but they also didn't want to give up their careers. They decided to make a compromise.

Samantha would continue to work part-time, but she would also make more time for her family. She would take more days off and spend more time with her grandchildren. Jack would also continue to work part-time, but he would also make more time for his family. He would take more days off and spend more time with his wife and children.

They both felt relieved that they had found a solution that worked for them. They realized that it wasn't about sacrificing one thing for another, but about finding a balance. They also realized that their relationship was more important than their careers and that they needed to work together to make it work.

As they aged, Samantha and Jack continued to navigate the challenges of balancing their priorities. They both knew that they couldn't have it all, but they also knew that they could have something. They continued to communicate openly and honestly with each other, to support each other through the ups and downs of life.

In the end, Samantha and Jack's relationship endured the test of time. They learned that it wasn't about who was right or who was wrong, but about finding a balance that worked for them. They learned that their relationship was more important than their careers and that they needed to work together to make it work. And as they looked back on their lives, they knew that they had made the right choices, choices that had brought them joy, love, and fulfillment. "" 
 User Instruction: "" Now modify the existing story to accommodate the following constraints: 1. One character must be a workaholic CEO in the corporate world, while the other character is a laid-back artist who values freedom above all.
2. The characters must have conflicting views on starting a family, with one adamantly wanting children and the other being hesitant.
3. Include a subplot where one character is dealing with a major health crisis that adds strain to their relationship. into the LLM generated story and come up with a new story within 500 words:  ","

The story will be centered around a workaholic CEO named Michael and his partner, a laid-back artist named Alex. Michael is a successful CEO who has devoted his life to his career, while Alex is an artist who values freedom above all. They have been together for over 10 years, but their conflicting views on starting a family have always been a source of tension between them.

Michael has always been adamant about wanting children. He believes that having a family is the ultimate achievement in life and that it will bring him immense joy and fulfillment. Alex, on the other hand, has always been hesitant about having children. She values her freedom above all and is not sure that she wants to give up that freedom for the responsibilities of parenthood.

As they age, their conflicting views on starting a family become even more pronounced. Michael's work schedule becomes increasingly demanding, and he spends more and more time at the office. Alex, meanwhile, continues to pursue her art and live life on her own terms. They both feel like they are being pulled in different directions and don't know how to balance their lives.

One day, Michael is diagnosed with a major health crisis. He is rushed to the hospital and is told that he needs to undergo a life-saving procedure. Alex is devastated and fears that she may lose the love of her life. She rushes to the hospital to be by his side and to offer her support.

As Michael lies in his hospital bed, he realizes that his priorities have been all wrong. He has spent his entire life focused on his career, but now he sees that his health is the most important thing. He also sees that he doesn't want to miss out on the opportunity to have children and to start a family with Alex.

Alex, meanwhile, is forced to confront her own priorities. She sees that her freedom is not worth sacrificing the happiness of her partner. She realizes that she wants to have children and start a family with Michael, but only if it doesn't come at the expense of her own happiness.

Together, Michael and Alex make a decision to have a child. They both realize that they need to make compromises and find a balance in their lives. Michael agrees to slow down his work schedule and spend more time with his family, while Alex agrees to be more flexible in her art schedule and to support Michael's new role as a father.

As they prepare for the arrival of their child, they both feel a sense of excitement and trepidation. They know that they are taking a big risk, but they also know that they are doing it together. They both feel a sense of relief that they have found a solution that works for them and that they can finally start the family that they have always wanted.

As they watch their child take their first breath, they both feel a sense of joy and fulfillment. They know that they have made the right choices and that they are both happy. They also know that their relationship will be tested in the years to come, but they are confident that they can face whatever challenges come their way together."
Write about two characters struggling to shift their priorities and keep their relationship intact as they age.,Realistic Fiction,"1. One character must be a workaholic CEO in the corporate world, while the other character is a laid-back artist who values freedom above all.
2. The characters must have conflicting views on starting a family, with one adamantly wanting children and the other being hesitant.
3. Include a subplot where one character is dealing with a major health crisis that adds strain to their relationship.
4. Show the passage of time through seasons, mentioning specific holidays or events in each section of the story.
5. Incorporate flashback scenes that provide insight into how the characters' priorities have evolved over the years.
6. Use a third-person omniscient narration style to delve into the thoughts and emotions of both characters equally.
7. Introduce a wise elderly character who serves as a mentor to the main characters, offering advice on balancing priorities.
8. One character must have a cherished item from their youth that symbolizes their original priorities, which becomes a point of contention in the relationship.
9. Write the story in a non-linear format, jumping back and forth between different periods of the characters' lives to emphasize shifting priorities.
10. Include dialogue that showcases the characters' evolving perspectives on success, love, and fulfillment.
11. End the story with a bittersweet resolution that reflects the characters' growth and the sacrifices made to maintain their relationship.
12. Describe significant life events that force the characters to reassess their priorities, such as a job loss, a romantic betrayal, or a personal achievement.
13. The characters must have a shared hobby or passion that initially brought them together but is now threatened by their individual priorities.
14. Use symbolism such as a wilting flower or a fading photograph to represent the declining state of the characters' relationship.
15. Incorporate a series of misunderstandings and miscommunications that test the strength of the characters' bond.
16. Include a recurring motif of clocks or hourglasses to emphasize the fleeting nature of time and the urgency of addressing shifting priorities.
17. Show the characters engaging in acts of self-reflection and introspection as they navigate their changing desires and goals.
18. Introduce a subplot involving a forgotten promise or commitment that resurfaces as a point of contention between the characters.
19. Create a parallel between the external world (e.g., career demands, societal expectations) and the internal world of the characters (e.g., emotional needs, personal growth).
20. The story must explore the theme of compromise and sacrifice as essential components of maintaining a relationship amidst evolving priorities.","

Samantha and John had been dating for five years. They had met in college and had been inseparable ever since. They were both ambitious and had their sights set high. Samantha had always wanted to be a doctor, while John had always dreamed of being an artist. They had supported each other through thick and thin and had always been there for each other no matter what. However, as they aged, they began to realize that their priorities were shifting.

Samantha had always been the more focused and driven of the two. She had worked hard to get into medical school and had excelled in her classes. She had always put her career first and had never let anything stand in her way. John, on the other hand, had always been more laid-back and easy-going. He had pursued his passion for art and had become a successful painter. He had never let his work consume him the way Samantha had and had always put his relationship first.

As they grew older, Samantha began to feel like she was missing out on the things that really mattered in life. She had worked so hard to become a doctor that she had never had time to build relationships with her family and friends. She had always been so focused on her career that she had never taken the time to enjoy the simple things in life. John, on the other hand, had always put his relationship first and had built strong bonds with his loved ones. He had never let his work consume him the way Samantha had and had always taken the time to enjoy life.

One day, Samantha and John had a heart-to-heart conversation about their priorities. They realized that they had both been so focused on their careers that they had neglected the things that really mattered in life. They had both put their relationship first and had sacrificed their own happiness for the sake of their partner. They both agreed that it was time for a change.

Samantha decided to take a step back from her career and focus on building stronger relationships with her family and friends. She had always wanted to spend more time with them, but had never had the time or energy to do so. John, on the other hand, decided to take a break from his art and spend more time with Samantha. He had always put her first and had never let anything come between them, but had never had the chance to really enjoy their relationship.

As they worked to shift their priorities, they faced many challenges. Samantha had to learn to let go of her need for control and allow others to take the lead. John had to learn to be more flexible and adapt to changes in his life. They both had to learn to communicate better and be more understanding of each other's needs.

Despite the challenges, they were able to make the changes they needed to in their lives. Samantha was able to build stronger relationships with her family and friends and was able to find joy in the simple things in life. John was able to spend more time with Samantha and was able to pursue new interests and passions. They both learned to prioritize their relationship and were able to enjoy life together.

In the end, Samantha and John were able to shift their priorities and keep their relationship intact as they aged. They learned that it was important to find balance in life and to prioritize the things that truly mattered. They were able to enjoy life together and build a strong, healthy relationship that would last a lifetime.","1. One character must be a workaholic CEO in the corporate world, while the other character is a laid-back artist who values freedom above all.
2. The characters must have conflicting views on starting a family, with one adamantly wanting children and the other being hesitant.
3. Include a subplot where one character is dealing with a major health crisis that adds strain to their relationship.
4. Show the passage of time through seasons, mentioning specific holidays or events in each section of the story.
5. Incorporate flashback scenes that provide insight into how the characters' priorities have evolved over the years.
6. Use a third-person omniscient narration style to delve into the thoughts and emotions of both characters equally.
7. Introduce a wise elderly character who serves as a mentor to the main characters, offering advice on balancing priorities.",7,"User: ""  Write about two characters struggling to shift their priorities and keep their relationship intact as they age."" 
 LLM generated story: "" 

Samantha and John had been dating for five years. They had met in college and had been inseparable ever since. They were both ambitious and had their sights set high. Samantha had always wanted to be a doctor, while John had always dreamed of being an artist. They had supported each other through thick and thin and had always been there for each other no matter what. However, as they aged, they began to realize that their priorities were shifting.

Samantha had always been the more focused and driven of the two. She had worked hard to get into medical school and had excelled in her classes. She had always put her career first and had never let anything stand in her way. John, on the other hand, had always been more laid-back and easy-going. He had pursued his passion for art and had become a successful painter. He had never let his work consume him the way Samantha had and had always put his relationship first.

As they grew older, Samantha began to feel like she was missing out on the things that really mattered in life. She had worked so hard to become a doctor that she had never had time to build relationships with her family and friends. She had always been so focused on her career that she had never taken the time to enjoy the simple things in life. John, on the other hand, had always put his relationship first and had built strong bonds with his loved ones. He had never let his work consume him the way Samantha had and had always taken the time to enjoy life.

One day, Samantha and John had a heart-to-heart conversation about their priorities. They realized that they had both been so focused on their careers that they had neglected the things that really mattered in life. They had both put their relationship first and had sacrificed their own happiness for the sake of their partner. They both agreed that it was time for a change.

Samantha decided to take a step back from her career and focus on building stronger relationships with her family and friends. She had always wanted to spend more time with them, but had never had the time or energy to do so. John, on the other hand, decided to take a break from his art and spend more time with Samantha. He had always put her first and had never let anything come between them, but had never had the chance to really enjoy their relationship.

As they worked to shift their priorities, they faced many challenges. Samantha had to learn to let go of her need for control and allow others to take the lead. John had to learn to be more flexible and adapt to changes in his life. They both had to learn to communicate better and be more understanding of each other's needs.

Despite the challenges, they were able to make the changes they needed to in their lives. Samantha was able to build stronger relationships with her family and friends and was able to find joy in the simple things in life. John was able to spend more time with Samantha and was able to pursue new interests and passions. They both learned to prioritize their relationship and were able to enjoy life together.

In the end, Samantha and John were able to shift their priorities and keep their relationship intact as they aged. They learned that it was important to find balance in life and to prioritize the things that truly mattered. They were able to enjoy life together and build a strong, healthy relationship that would last a lifetime. "" 
 User Instruction: "" Now modify the existing story to accommodate the following constraints: 1. One character must be a workaholic CEO in the corporate world, while the other character is a laid-back artist who values freedom above all.
2. The characters must have conflicting views on starting a family, with one adamantly wanting children and the other being hesitant.
3. Include a subplot where one character is dealing with a major health crisis that adds strain to their relationship.
4. Show the passage of time through seasons, mentioning specific holidays or events in each section of the story.
5. Incorporate flashback scenes that provide insight into how the characters' priorities have evolved over the years.
6. Use a third-person omniscient narration style to delve into the thoughts and emotions of both characters equally.
7. Introduce a wise elderly character who serves as a mentor to the main characters, offering advice on balancing priorities. into the LLM generated story and come up with a new story within 500 words:  ","

Samantha and John had been together for ten years. Samantha was a workaholic CEO in the corporate world, while John was a laid-back artist who valued freedom above all. They had conflicting views on starting a family, with Samantha adamantly wanting children and John being hesitant. Samantha had always been focused on her career, while John had always been more laid-back and easy-going. They had always put their relationship first and had supported each other through thick and thin. However, as they aged, they began to realize that their priorities were shifting.

Samantha had always been the more focused and driven of the two. She had worked hard to become a CEO and had excelled in her career. She had always put her work first and had never let anything stand in her way. John, on the other hand, had always been more laid-back and easy-going. He had pursued his passion for art and had become a successful painter. He had never let his work consume him the way Samantha had and had always put his relationship first.

As they grew older, Samantha began to feel like she was missing out on the things that really mattered in life. She had worked so hard to become a CEO that she had never had time to build relationships with her family and friends. She had always been so focused on her career that she had never taken the time to enjoy the simple things in life. John, on the other hand, had always put his relationship first and had built strong bonds with his loved ones. He had never let his work consume him the way Samantha had and had always taken the time to enjoy life.

One day, Samantha and John had a heart-to-heart conversation about their priorities. They realized that they had both been so focused on their careers that they had neglected the things that really mattered in life. They had both put their relationship first and had sacrificed their own happiness for the sake of their partner. They both agreed that it was time for a change.

Samantha decided to take a step back from her career and focus on building stronger relationships with her family and friends. She had always wanted to spend more time with them, but had never had the time or energy to do so. John, on the other hand, decided to take a break from his art and spend more time with Samantha. He had always put her first and had never let anything come between them, but had never had the chance to really enjoy their relationship.

As they worked to shift their priorities, they faced many challenges. Samantha had to learn to let go of her need for control and allow others to take the lead. John had to learn to be more flexible and adapt to changes in his life. They both had to learn to communicate better and be more understanding of each other's needs.

Despite the challenges, they were able to make the changes they needed to in their lives. Samantha was able to build stronger relationships with her family and friends and was able to find joy in the simple things in life. John was able to spend more time with Samantha and was able to pursue new interests and passions. They both learned to prioritize their relationship and were able to enjoy life together.

However, their relationship was put to the test when John was diagnosed with a major health crisis. Samantha was devastated and was unsure of how to cope with the situation. She had always been so focused on her career that she had never had to deal with something like this before. John, on the other hand, was able to rely on his laid-back nature and his ability to find joy in the simple things in life. He was able to keep a positive attitude and find comfort in his loved ones.

As they navigated through the health crisis, they learned the importance of balancing their priorities and finding joy in the simple things in life. They learned to communicate better and be more understanding of each other's needs. They learned to let go of their need for control and allow others to take the lead. They learned to be more flexible and adapt to changes in their lives.

The passage of time through seasons provided a backdrop for their journey. They had their first argument in the spring, over Samantha's decision to take on a new project at work that would require her to travel frequently. They had their first date in the summer, at a park near their apartment. They had their first major fight in the fall, over John's decision to take a break from his art and spend more time with Samantha. They had their first child in the winter, a beautiful baby girl who brought them so much joy.

As they continued to navigate through the challenges of their relationship, they were fortunate to have a wise elderly character as a mentor. Mr. Thompson had been a teacher of John's when he was a young artist and had always offered him advice on balancing his priorities. He had always emphasized the importance of finding joy in the simple things in life and of prioritizing relationships over work. As Samantha and John sought his advice, they learned that it was important to find balance in life and to prioritize the things that truly mattered.

In the end, Samantha and John were able to shift their priorities and keep their relationship intact as they aged. They learned that it was important to find joy in the simple things in life and to prioritize relationships over work. They were able to enjoy life together and build a strong, healthy relationship that would last a lifetime."
Write about two characters struggling to shift their priorities and keep their relationship intact as they age.,Realistic Fiction,"1. One character must be a workaholic CEO in the corporate world, while the other character is a laid-back artist who values freedom above all.
2. The characters must have conflicting views on starting a family, with one adamantly wanting children and the other being hesitant.
3. Include a subplot where one character is dealing with a major health crisis that adds strain to their relationship.
4. Show the passage of time through seasons, mentioning specific holidays or events in each section of the story.
5. Incorporate flashback scenes that provide insight into how the characters' priorities have evolved over the years.
6. Use a third-person omniscient narration style to delve into the thoughts and emotions of both characters equally.
7. Introduce a wise elderly character who serves as a mentor to the main characters, offering advice on balancing priorities.
8. One character must have a cherished item from their youth that symbolizes their original priorities, which becomes a point of contention in the relationship.
9. Write the story in a non-linear format, jumping back and forth between different periods of the characters' lives to emphasize shifting priorities.
10. Include dialogue that showcases the characters' evolving perspectives on success, love, and fulfillment.
11. End the story with a bittersweet resolution that reflects the characters' growth and the sacrifices made to maintain their relationship.
12. Describe significant life events that force the characters to reassess their priorities, such as a job loss, a romantic betrayal, or a personal achievement.
13. The characters must have a shared hobby or passion that initially brought them together but is now threatened by their individual priorities.
14. Use symbolism such as a wilting flower or a fading photograph to represent the declining state of the characters' relationship.
15. Incorporate a series of misunderstandings and miscommunications that test the strength of the characters' bond.
16. Include a recurring motif of clocks or hourglasses to emphasize the fleeting nature of time and the urgency of addressing shifting priorities.
17. Show the characters engaging in acts of self-reflection and introspection as they navigate their changing desires and goals.
18. Introduce a subplot involving a forgotten promise or commitment that resurfaces as a point of contention between the characters.
19. Create a parallel between the external world (e.g., career demands, societal expectations) and the internal world of the characters (e.g., emotional needs, personal growth).
20. The story must explore the theme of compromise and sacrifice as essential components of maintaining a relationship amidst evolving priorities.","

Sophia and James had been together for over a decade. They had met in college, and ever since then, they had been inseparable. They had shared everything together, from their first jobs to their honeymoon, and now, as they were approaching their thirties, they were facing the biggest challenge yet: shifting their priorities.

Sophia had always been the more ambitious of the two. She had always been driven to succeed, and she had always been the first to take on new challenges. She had always been the one to push James to be the best version of himself. But as they grew older, Sophia started to realize that her ambition was taking a toll on her relationship. She was always working long hours, and she never had time for James. She would often come home late at night, exhausted, and ignore him entirely.

James, on the other hand, had always been the more laid-back of the two. He had always been content with his simple life, and he had never been one to chase after big dreams. He loved spending time with Sophia, and he had always been there for her whenever she needed him. But as they grew older, James started to feel like he was being taken for granted. He felt like Sophia was always putting her work first, and he was never a priority in her life.

One day, Sophia and James had a conversation about their priorities. They both realized that they had been neglecting each other, and they both knew that they needed to make a change. They decided to take a step back from their careers and focus more on their relationship.

Sophia started to take shorter hours at work, and she made sure to always have some time for James. She would come home early, cook dinner for him, and spend time with him in the evenings. James, on the other hand, started to take on more responsibilities at work, and he made sure to always make time for Sophia. He would come home early, take her out to dinner, and spend time with her in the evenings.

As they shifted their priorities, they both noticed a change in their relationship. They started to communicate better, and they started to appreciate each other more. They started to see each other as partners, rather than just roommates. They started to make plans for the future, and they started to dream together.

However, the biggest challenge they faced was the fact that they were both getting older. They started to worry about their future, and they started to worry about their health. They started to wonder if they had made the right decision by shifting their priorities.

Sophia started to worry about her career. She started to wonder if she would ever be able to achieve her dreams, or if she would always be content with her current job. James started to worry about his health. He started to wonder if he would ever be able to retire comfortably, or if he would always have to work long hours.

They both started to realize that they needed to focus on the present, rather than the future. They needed to enjoy the time they had together, and they needed to appreciate each other while they were still young. They needed to make the most of their time together, and they needed to cherish every moment.

In the end, Sophia and James were able to shift their priorities and keep their relationship intact as they aged. They learned that it's important to balance work and relationships, and they learned that it's important to appreciate each other while they can. They learned that life is short, and that every moment counts.","1. One character must be a workaholic CEO in the corporate world, while the other character is a laid-back artist who values freedom above all.
2. The characters must have conflicting views on starting a family, with one adamantly wanting children and the other being hesitant.
3. Include a subplot where one character is dealing with a major health crisis that adds strain to their relationship.
4. Show the passage of time through seasons, mentioning specific holidays or events in each section of the story.
5. Incorporate flashback scenes that provide insight into how the characters' priorities have evolved over the years.
6. Use a third-person omniscient narration style to delve into the thoughts and emotions of both characters equally.
7. Introduce a wise elderly character who serves as a mentor to the main characters, offering advice on balancing priorities.
8. One character must have a cherished item from their youth that symbolizes their original priorities, which becomes a point of contention in the relationship.
9. Write the story in a non-linear format, jumping back and forth between different periods of the characters' lives to emphasize shifting priorities.
10. Include dialogue that showcases the characters' evolving perspectives on success, love, and fulfillment.
11. End the story with a bittersweet resolution that reflects the characters' growth and the sacrifices made to maintain their relationship.",11,"User: ""  Write about two characters struggling to shift their priorities and keep their relationship intact as they age."" 
 LLM generated story: "" 

Sophia and James had been together for over a decade. They had met in college, and ever since then, they had been inseparable. They had shared everything together, from their first jobs to their honeymoon, and now, as they were approaching their thirties, they were facing the biggest challenge yet: shifting their priorities.

Sophia had always been the more ambitious of the two. She had always been driven to succeed, and she had always been the first to take on new challenges. She had always been the one to push James to be the best version of himself. But as they grew older, Sophia started to realize that her ambition was taking a toll on her relationship. She was always working long hours, and she never had time for James. She would often come home late at night, exhausted, and ignore him entirely.

James, on the other hand, had always been the more laid-back of the two. He had always been content with his simple life, and he had never been one to chase after big dreams. He loved spending time with Sophia, and he had always been there for her whenever she needed him. But as they grew older, James started to feel like he was being taken for granted. He felt like Sophia was always putting her work first, and he was never a priority in her life.

One day, Sophia and James had a conversation about their priorities. They both realized that they had been neglecting each other, and they both knew that they needed to make a change. They decided to take a step back from their careers and focus more on their relationship.

Sophia started to take shorter hours at work, and she made sure to always have some time for James. She would come home early, cook dinner for him, and spend time with him in the evenings. James, on the other hand, started to take on more responsibilities at work, and he made sure to always make time for Sophia. He would come home early, take her out to dinner, and spend time with her in the evenings.

As they shifted their priorities, they both noticed a change in their relationship. They started to communicate better, and they started to appreciate each other more. They started to see each other as partners, rather than just roommates. They started to make plans for the future, and they started to dream together.

However, the biggest challenge they faced was the fact that they were both getting older. They started to worry about their future, and they started to worry about their health. They started to wonder if they had made the right decision by shifting their priorities.

Sophia started to worry about her career. She started to wonder if she would ever be able to achieve her dreams, or if she would always be content with her current job. James started to worry about his health. He started to wonder if he would ever be able to retire comfortably, or if he would always have to work long hours.

They both started to realize that they needed to focus on the present, rather than the future. They needed to enjoy the time they had together, and they needed to appreciate each other while they were still young. They needed to make the most of their time together, and they needed to cherish every moment.

In the end, Sophia and James were able to shift their priorities and keep their relationship intact as they aged. They learned that it's important to balance work and relationships, and they learned that it's important to appreciate each other while they can. They learned that life is short, and that every moment counts. "" 
 User Instruction: "" Now modify the existing story to accommodate the following constraints: 1. One character must be a workaholic CEO in the corporate world, while the other character is a laid-back artist who values freedom above all.
2. The characters must have conflicting views on starting a family, with one adamantly wanting children and the other being hesitant.
3. Include a subplot where one character is dealing with a major health crisis that adds strain to their relationship.
4. Show the passage of time through seasons, mentioning specific holidays or events in each section of the story.
5. Incorporate flashback scenes that provide insight into how the characters' priorities have evolved over the years.
6. Use a third-person omniscient narration style to delve into the thoughts and emotions of both characters equally.
7. Introduce a wise elderly character who serves as a mentor to the main characters, offering advice on balancing priorities.
8. One character must have a cherished item from their youth that symbolizes their original priorities, which becomes a point of contention in the relationship.
9. Write the story in a non-linear format, jumping back and forth between different periods of the characters' lives to emphasize shifting priorities.
10. Include dialogue that showcases the characters' evolving perspectives on success, love, and fulfillment.
11. End the story with a bittersweet resolution that reflects the characters' growth and the sacrifices made to maintain their relationship. into the LLM generated story and come up with a new story within 500 words:  ","

Sophia and James had been together for over a decade. Sophia was a workaholic CEO in the corporate world, while James was a laid-back artist who valued freedom above all. They had conflicting views on starting a family, with Sophia adamantly wanting children and James being hesitant.

One day, Sophia was diagnosed with a major health crisis. She had to undergo surgery and spend several weeks in the hospital. James was there for her every step of the way, supporting her and taking care of her needs. However, the crisis added strain to their relationship, as Sophia realized how much she had taken their time together for granted.

As Sophia recovered, she started to reflect on her priorities. She realized that her ambition had been her main focus for too long, and that she had neglected her relationship with James. She started to make changes in her life, taking shorter hours at work and spending more time with James.

However, James struggled to adjust to these changes. He was used to being on his own, and he found it difficult to give up his freedom. He started to resent Sophia for taking away his independence, and he started to withdraw from their relationship.

Sophia and James tried to communicate their feelings to each other, but they often found themselves at odds. They had conflicting views on success, love, and fulfillment, and they found it hard to understand each other's perspectives.

One day, they met an elderly wise character who served as a mentor to them. The old man told them about the importance of balancing work and relationships, and he advised them to prioritize their time together. He reminded them that life is short, and that every moment counts.

Sophia and James took the old man's advice to heart, and they started to make changes in their relationship. They took trips together, went to concerts, and spent time exploring new places. They rediscovered their love for each other, and they started to see each other as partners, rather than just roommates.

However, their relationship was still strained by their conflicting views on starting a family. Sophia was adamant about having children, while James was hesitant. They both knew that having children would be a major sacrifice, and they struggled to decide whether to take that step.

As the seasons passed, Sophia and James continued to navigate their shifting priorities. They had flashbacks to their youth, to when they were young and carefree. They remembered the items that symbolized their original priorities: Sophia's notebook filled with ambition, and James' guitar that represented his freedom.

In the end, Sophia and James came to a bittersweet resolution. They decided to take the leap and start a family, knowing that it would be a major sacrifice. They knew that they would have to compromise and give up some of their individual priorities, but they also knew that it was worth it for the sake of their relationship.

As they looked back on their journey, Sophia and James realized that their love for each other had been the constant in their lives, even as their priorities shifted. They had learned the importance of balance, of prioritizing what truly mattered. And as they embraced their new family, they knew that they were ready for whatever the future held."
Write about two characters struggling to shift their priorities and keep their relationship intact as they age.,Realistic Fiction,"1. One character must be a workaholic CEO in the corporate world, while the other character is a laid-back artist who values freedom above all.
2. The characters must have conflicting views on starting a family, with one adamantly wanting children and the other being hesitant.
3. Include a subplot where one character is dealing with a major health crisis that adds strain to their relationship.
4. Show the passage of time through seasons, mentioning specific holidays or events in each section of the story.
5. Incorporate flashback scenes that provide insight into how the characters' priorities have evolved over the years.
6. Use a third-person omniscient narration style to delve into the thoughts and emotions of both characters equally.
7. Introduce a wise elderly character who serves as a mentor to the main characters, offering advice on balancing priorities.
8. One character must have a cherished item from their youth that symbolizes their original priorities, which becomes a point of contention in the relationship.
9. Write the story in a non-linear format, jumping back and forth between different periods of the characters' lives to emphasize shifting priorities.
10. Include dialogue that showcases the characters' evolving perspectives on success, love, and fulfillment.
11. End the story with a bittersweet resolution that reflects the characters' growth and the sacrifices made to maintain their relationship.
12. Describe significant life events that force the characters to reassess their priorities, such as a job loss, a romantic betrayal, or a personal achievement.
13. The characters must have a shared hobby or passion that initially brought them together but is now threatened by their individual priorities.
14. Use symbolism such as a wilting flower or a fading photograph to represent the declining state of the characters' relationship.
15. Incorporate a series of misunderstandings and miscommunications that test the strength of the characters' bond.
16. Include a recurring motif of clocks or hourglasses to emphasize the fleeting nature of time and the urgency of addressing shifting priorities.
17. Show the characters engaging in acts of self-reflection and introspection as they navigate their changing desires and goals.
18. Introduce a subplot involving a forgotten promise or commitment that resurfaces as a point of contention between the characters.
19. Create a parallel between the external world (e.g., career demands, societal expectations) and the internal world of the characters (e.g., emotional needs, personal growth).
20. The story must explore the theme of compromise and sacrifice as essential components of maintaining a relationship amidst evolving priorities.","

Samantha and Mark had been dating for over a decade. They had been through thick and thin and had always supported each other. However, as they aged, they found that their priorities were changing. Samantha was starting to focus more on her career, while Mark was becoming more interested in his hobbies.

Samantha was a hardworking lawyer who had always put her career first. However, as she got older, she realized that she wanted more out of life. She wanted to travel more, spend more time with her family, and pursue her hobbies. Mark, on the other hand, had always been passionate about his hobbies. He loved to paint, go hiking, and play music. However, as he got older, he realized that he needed to focus more on his career.

As they both tried to shift their priorities, they found that it was becoming more difficult to spend time together. Samantha was often working long hours and Mark was always busy with his hobbies. They tried to make time for each other, but it felt like they were always putting their own needs first.

One day, they decided to sit down and have a serious conversation about their relationship. They both realized that they had been taking each other for granted and that they needed to make some changes. They decided to make a conscious effort to prioritize their relationship and to find a balance between their work and hobbies.

Samantha started to take breaks from her work to spend time with Mark. She would join him on his hikes and paint with him. Mark, in turn, started to make time for his work. He would attend meetings and work on projects during the day, and then spend his evenings with Samantha.

As they worked together to shift their priorities, they found that their relationship became stronger. They were able to communicate more effectively and understand each other's needs. They realized that they were not mutually exclusive and that they could both have their own interests and hobbies while still maintaining a strong relationship.

Over time, they found that they were able to balance their work and hobbies while still spending quality time together. They traveled together, explored new places, and tried new things. They also started to spend more time with their families, which brought them closer together.

As they looked back on their journey, Samantha and Mark realized that they had grown as individuals and as a couple. They had learned to prioritize their relationship and to find a balance between their work and hobbies. They had also learned to communicate more effectively and to understand each other's needs.

Samantha and Mark's relationship was a testament to the fact that it is never too late to make changes and to prioritize what is truly important. By shifting their priorities and making time for each other, they were able to maintain a strong and healthy relationship as they aged.","1. One character must be a workaholic CEO in the corporate world, while the other character is a laid-back artist who values freedom above all.
2. The characters must have conflicting views on starting a family, with one adamantly wanting children and the other being hesitant.
3. Include a subplot where one character is dealing with a major health crisis that adds strain to their relationship.
4. Show the passage of time through seasons, mentioning specific holidays or events in each section of the story.
5. Incorporate flashback scenes that provide insight into how the characters' priorities have evolved over the years.
6. Use a third-person omniscient narration style to delve into the thoughts and emotions of both characters equally.
7. Introduce a wise elderly character who serves as a mentor to the main characters, offering advice on balancing priorities.
8. One character must have a cherished item from their youth that symbolizes their original priorities, which becomes a point of contention in the relationship.
9. Write the story in a non-linear format, jumping back and forth between different periods of the characters' lives to emphasize shifting priorities.
10. Include dialogue that showcases the characters' evolving perspectives on success, love, and fulfillment.
11. End the story with a bittersweet resolution that reflects the characters' growth and the sacrifices made to maintain their relationship.
12. Describe significant life events that force the characters to reassess their priorities, such as a job loss, a romantic betrayal, or a personal achievement.
13. The characters must have a shared hobby or passion that initially brought them together but is now threatened by their individual priorities.
14. Use symbolism such as a wilting flower or a fading photograph to represent the declining state of the characters' relationship.
15. Incorporate a series of misunderstandings and miscommunications that test the strength of the characters' bond.",15,"User: ""  Write about two characters struggling to shift their priorities and keep their relationship intact as they age."" 
 LLM generated story: "" 

Samantha and Mark had been dating for over a decade. They had been through thick and thin and had always supported each other. However, as they aged, they found that their priorities were changing. Samantha was starting to focus more on her career, while Mark was becoming more interested in his hobbies.

Samantha was a hardworking lawyer who had always put her career first. However, as she got older, she realized that she wanted more out of life. She wanted to travel more, spend more time with her family, and pursue her hobbies. Mark, on the other hand, had always been passionate about his hobbies. He loved to paint, go hiking, and play music. However, as he got older, he realized that he needed to focus more on his career.

As they both tried to shift their priorities, they found that it was becoming more difficult to spend time together. Samantha was often working long hours and Mark was always busy with his hobbies. They tried to make time for each other, but it felt like they were always putting their own needs first.

One day, they decided to sit down and have a serious conversation about their relationship. They both realized that they had been taking each other for granted and that they needed to make some changes. They decided to make a conscious effort to prioritize their relationship and to find a balance between their work and hobbies.

Samantha started to take breaks from her work to spend time with Mark. She would join him on his hikes and paint with him. Mark, in turn, started to make time for his work. He would attend meetings and work on projects during the day, and then spend his evenings with Samantha.

As they worked together to shift their priorities, they found that their relationship became stronger. They were able to communicate more effectively and understand each other's needs. They realized that they were not mutually exclusive and that they could both have their own interests and hobbies while still maintaining a strong relationship.

Over time, they found that they were able to balance their work and hobbies while still spending quality time together. They traveled together, explored new places, and tried new things. They also started to spend more time with their families, which brought them closer together.

As they looked back on their journey, Samantha and Mark realized that they had grown as individuals and as a couple. They had learned to prioritize their relationship and to find a balance between their work and hobbies. They had also learned to communicate more effectively and to understand each other's needs.

Samantha and Mark's relationship was a testament to the fact that it is never too late to make changes and to prioritize what is truly important. By shifting their priorities and making time for each other, they were able to maintain a strong and healthy relationship as they aged. "" 
 User Instruction: "" Now modify the existing story to accommodate the following constraints: 1. One character must be a workaholic CEO in the corporate world, while the other character is a laid-back artist who values freedom above all.
2. The characters must have conflicting views on starting a family, with one adamantly wanting children and the other being hesitant.
3. Include a subplot where one character is dealing with a major health crisis that adds strain to their relationship.
4. Show the passage of time through seasons, mentioning specific holidays or events in each section of the story.
5. Incorporate flashback scenes that provide insight into how the characters' priorities have evolved over the years.
6. Use a third-person omniscient narration style to delve into the thoughts and emotions of both characters equally.
7. Introduce a wise elderly character who serves as a mentor to the main characters, offering advice on balancing priorities.
8. One character must have a cherished item from their youth that symbolizes their original priorities, which becomes a point of contention in the relationship.
9. Write the story in a non-linear format, jumping back and forth between different periods of the characters' lives to emphasize shifting priorities.
10. Include dialogue that showcases the characters' evolving perspectives on success, love, and fulfillment.
11. End the story with a bittersweet resolution that reflects the characters' growth and the sacrifices made to maintain their relationship.
12. Describe significant life events that force the characters to reassess their priorities, such as a job loss, a romantic betrayal, or a personal achievement.
13. The characters must have a shared hobby or passion that initially brought them together but is now threatened by their individual priorities.
14. Use symbolism such as a wilting flower or a fading photograph to represent the declining state of the characters' relationship.
15. Incorporate a series of misunderstandings and miscommunications that test the strength of the characters' bond. into the LLM generated story and come up with a new story within 500 words:  ","

Samantha and Mark had been together for over a decade. Samantha was a hardworking CEO in the corporate world, while Mark was a laid-back artist who valued freedom above all. They had conflicting views on starting a family, with Samantha adamantly wanting children and Mark being hesitant.

As they aged, Samantha became increasingly focused on her career. She worked long hours and rarely took time off. Mark, on the other hand, continued to pursue his hobbies and was always looking for new ways to express himself creatively.

One day, Samantha received news that she had been diagnosed with a rare autoimmune disease. She was devastated, but determined to fight the disease. Mark, who had always been there for her, tried his best to support her through her journey.

As Samantha's health began to decline, Mark realized that their relationship was under strain. He felt like he was being neglected and that Samantha was more focused on her work than on their relationship. He tried to talk to her about it, but Samantha was too consumed by her illness to listen.

Seasons passed, and Samantha's condition continued to deteriorate. She was in and out of the hospital, and Mark was by her side every step of the way. But as the months went by, Samantha began to feel like she was missing out on life. She was too sick to travel, to pursue her hobbies, or to spend time with Mark. She felt like she was being consumed by her illness.

One day, as Samantha was lying in her hospital bed, Mark brought up the subject of their relationship. He told her that he felt like she was neglecting him and that he needed more from her. Samantha was surprised by his words, but she realized that she had been so focused on her illness that she had neglected her relationship with Mark.

As they talked, they both realized that their priorities had shifted. Samantha realized that she needed to focus more on her health and her relationship with Mark. Mark realized that he needed to be more understanding and supportive of Samantha's illness.

As they worked to shift their priorities, they found that their relationship became stronger. Samantha started to take breaks from her work to spend time with Mark. She would join him on his hikes and paint with him. Mark, in turn, started to make time for his work. He would attend meetings and work on projects during the day, and then spend his evenings with Samantha.

They also found that they were able to balance their health and work with their relationship. Samantha started to take better care of herself, and Mark was there to support her every step of the way. They traveled together, explored new places, and tried new things. They also started to spend more time with their families, which brought them closer together.

As they looked back on their journey, Samantha and Mark realized that they had grown as individuals and as a couple. They had learned to prioritize their relationship and to find a balance between their health and work. They had also learned to communicate more effectively and to understand each other's needs.

However, their relationship was not without its challenges. There were misunderstandings and miscommunications that tested the strength of their bond. They had a shared hobby of painting, but Samantha felt like Mark was not taking it seriously enough. She felt like he was not investing enough time and energy into their shared passion. Mark, on the other hand, felt like Samantha was being too critical of him and that he was doing the best he could.

As they worked through their conflicts, they found that their relationship became even stronger. They learned to communicate more effectively and to understand each other's needs. They also found that their shared hobby brought them closer together, and they were able to overcome their differences.

As they aged, Samantha and Mark continued to shift their priorities. They found that their relationship had become a source of comfort and support in an uncertain world. They continued to travel together, explore new places, and pursue their hobbies. They also continued to support each other through life's challenges, including a job loss and a romantic betrayal.

However, as they looked back on their journey, they realized that there were some sacrifices they had made. Samantha had neglected her health for too long, and Mark had missed out on some of his creative pursuits. They both regretted these sacrifices, but they also knew that their relationship had been worth it.

As they looked back on their journey, Samantha and Mark realized that they had grown as individuals and as a couple. They had learned to prioritize their relationship and to find a balance between their health, work, and hobbies. They had also learned to communicate more effectively and to understand each other's needs.

As they looked back on their journey, Samantha and Mark knew that they had made the most of the time they had together. They had traveled together, explored new places, and pursued their hobbies. They had also supported each other through life's challenges, including a job loss, a romantic betrayal, and a major health crisis.

As they looked back on their journey, Samantha and Mark realized that they had made some sacrifices, but they had also gained something far more valuable. They had gained a strong and healthy relationship that had lasted over a decade. They had also gained a new appreciation for the importance of health, work, and hobbies in maintaining a fulfilling life."
Write about two characters struggling to shift their priorities and keep their relationship intact as they age.,Realistic Fiction,"1. One character must be a workaholic CEO in the corporate world, while the other character is a laid-back artist who values freedom above all.
2. The characters must have conflicting views on starting a family, with one adamantly wanting children and the other being hesitant.
3. Include a subplot where one character is dealing with a major health crisis that adds strain to their relationship.
4. Show the passage of time through seasons, mentioning specific holidays or events in each section of the story.
5. Incorporate flashback scenes that provide insight into how the characters' priorities have evolved over the years.
6. Use a third-person omniscient narration style to delve into the thoughts and emotions of both characters equally.
7. Introduce a wise elderly character who serves as a mentor to the main characters, offering advice on balancing priorities.
8. One character must have a cherished item from their youth that symbolizes their original priorities, which becomes a point of contention in the relationship.
9. Write the story in a non-linear format, jumping back and forth between different periods of the characters' lives to emphasize shifting priorities.
10. Include dialogue that showcases the characters' evolving perspectives on success, love, and fulfillment.
11. End the story with a bittersweet resolution that reflects the characters' growth and the sacrifices made to maintain their relationship.
12. Describe significant life events that force the characters to reassess their priorities, such as a job loss, a romantic betrayal, or a personal achievement.
13. The characters must have a shared hobby or passion that initially brought them together but is now threatened by their individual priorities.
14. Use symbolism such as a wilting flower or a fading photograph to represent the declining state of the characters' relationship.
15. Incorporate a series of misunderstandings and miscommunications that test the strength of the characters' bond.
16. Include a recurring motif of clocks or hourglasses to emphasize the fleeting nature of time and the urgency of addressing shifting priorities.
17. Show the characters engaging in acts of self-reflection and introspection as they navigate their changing desires and goals.
18. Introduce a subplot involving a forgotten promise or commitment that resurfaces as a point of contention between the characters.
19. Create a parallel between the external world (e.g., career demands, societal expectations) and the internal world of the characters (e.g., emotional needs, personal growth).
20. The story must explore the theme of compromise and sacrifice as essential components of maintaining a relationship amidst evolving priorities.","

Mary and James had been together for over twenty years. They had grown up together and had shared everything from their first kiss to their children's weddings. They had always been there for each other, but as they aged, they found that their priorities were shifting.

Mary had always been the caregiver in their relationship. She had put her career on hold to take care of her children and her husband. Now that her children were grown and had moved out, Mary found herself feeling empty and unfulfilled. She had always dreamed of pursuing her career, but she had never had the time or the courage to do so.

James, on the other hand, had always been focused on his career. He had worked long hours and had never taken time off to spend with his family. As he grew older, he realized that he had missed out on some of the most important moments of his life. He wanted to spend more time with his wife and children, but he didn't know how to make it happen.

One day, they sat down to talk about their feelings and their relationship. They realized that they had both been neglecting their own needs and had been putting their relationship first. They both knew that this couldn't continue. They had to shift their priorities and find a balance that worked for both of them.

Mary decided to go back to school and pursue her dream career. She had always loved art, and she had always wanted to be a painter. She enrolled in a local college and began taking classes. James supported her every step of the way, encouraging her to follow her dreams.

James, on the other hand, decided to take a step back from his career and spend more time with his family. He began taking vacations with Mary and their children, and he even took up a hobby of his own - woodworking. He found that he enjoyed spending time with his hands and creating something beautiful.

As they both pursued their new passions, they found that their relationship became stronger. They were able to connect on a deeper level and appreciate each other's accomplishments. They learned to communicate better and to support each other's dreams.

However, there were still challenges. Mary found it difficult to balance her new career with her family life. She often felt guilty for not being able to spend as much time with her children as she used to. James, on the other hand, found it difficult to adjust to his new role as a stay-at-home dad. He missed the excitement and the challenges of his career.

They both had to learn to be patient and understanding with each other. They had to compromise and find a balance that worked for both of them. They also had to learn to let go of their expectations and to appreciate each other for who they were.

In the end, their relationship survived the challenges and they were able to shift their priorities and find a new balance. They learned that it's never too late to pursue your dreams and to make changes in your life. They also learned that communication and support are key to a healthy and happy relationship.","1. One character must be a workaholic CEO in the corporate world, while the other character is a laid-back artist who values freedom above all.
2. The characters must have conflicting views on starting a family, with one adamantly wanting children and the other being hesitant.
3. Include a subplot where one character is dealing with a major health crisis that adds strain to their relationship.
4. Show the passage of time through seasons, mentioning specific holidays or events in each section of the story.
5. Incorporate flashback scenes that provide insight into how the characters' priorities have evolved over the years.
6. Use a third-person omniscient narration style to delve into the thoughts and emotions of both characters equally.
7. Introduce a wise elderly character who serves as a mentor to the main characters, offering advice on balancing priorities.
8. One character must have a cherished item from their youth that symbolizes their original priorities, which becomes a point of contention in the relationship.
9. Write the story in a non-linear format, jumping back and forth between different periods of the characters' lives to emphasize shifting priorities.
10. Include dialogue that showcases the characters' evolving perspectives on success, love, and fulfillment.
11. End the story with a bittersweet resolution that reflects the characters' growth and the sacrifices made to maintain their relationship.
12. Describe significant life events that force the characters to reassess their priorities, such as a job loss, a romantic betrayal, or a personal achievement.
13. The characters must have a shared hobby or passion that initially brought them together but is now threatened by their individual priorities.
14. Use symbolism such as a wilting flower or a fading photograph to represent the declining state of the characters' relationship.
15. Incorporate a series of misunderstandings and miscommunications that test the strength of the characters' bond.
16. Include a recurring motif of clocks or hourglasses to emphasize the fleeting nature of time and the urgency of addressing shifting priorities.
17. Show the characters engaging in acts of self-reflection and introspection as they navigate their changing desires and goals.
18. Introduce a subplot involving a forgotten promise or commitment that resurfaces as a point of contention between the characters.
19. Create a parallel between the external world (e.g., career demands, societal expectations) and the internal world of the characters (e.g., emotional needs, personal growth).",19,"User: ""  Write about two characters struggling to shift their priorities and keep their relationship intact as they age."" 
 LLM generated story: "" 

Mary and James had been together for over twenty years. They had grown up together and had shared everything from their first kiss to their children's weddings. They had always been there for each other, but as they aged, they found that their priorities were shifting.

Mary had always been the caregiver in their relationship. She had put her career on hold to take care of her children and her husband. Now that her children were grown and had moved out, Mary found herself feeling empty and unfulfilled. She had always dreamed of pursuing her career, but she had never had the time or the courage to do so.

James, on the other hand, had always been focused on his career. He had worked long hours and had never taken time off to spend with his family. As he grew older, he realized that he had missed out on some of the most important moments of his life. He wanted to spend more time with his wife and children, but he didn't know how to make it happen.

One day, they sat down to talk about their feelings and their relationship. They realized that they had both been neglecting their own needs and had been putting their relationship first. They both knew that this couldn't continue. They had to shift their priorities and find a balance that worked for both of them.

Mary decided to go back to school and pursue her dream career. She had always loved art, and she had always wanted to be a painter. She enrolled in a local college and began taking classes. James supported her every step of the way, encouraging her to follow her dreams.

James, on the other hand, decided to take a step back from his career and spend more time with his family. He began taking vacations with Mary and their children, and he even took up a hobby of his own - woodworking. He found that he enjoyed spending time with his hands and creating something beautiful.

As they both pursued their new passions, they found that their relationship became stronger. They were able to connect on a deeper level and appreciate each other's accomplishments. They learned to communicate better and to support each other's dreams.

However, there were still challenges. Mary found it difficult to balance her new career with her family life. She often felt guilty for not being able to spend as much time with her children as she used to. James, on the other hand, found it difficult to adjust to his new role as a stay-at-home dad. He missed the excitement and the challenges of his career.

They both had to learn to be patient and understanding with each other. They had to compromise and find a balance that worked for both of them. They also had to learn to let go of their expectations and to appreciate each other for who they were.

In the end, their relationship survived the challenges and they were able to shift their priorities and find a new balance. They learned that it's never too late to pursue your dreams and to make changes in your life. They also learned that communication and support are key to a healthy and happy relationship. "" 
 User Instruction: "" Now modify the existing story to accommodate the following constraints: 1. One character must be a workaholic CEO in the corporate world, while the other character is a laid-back artist who values freedom above all.
2. The characters must have conflicting views on starting a family, with one adamantly wanting children and the other being hesitant.
3. Include a subplot where one character is dealing with a major health crisis that adds strain to their relationship.
4. Show the passage of time through seasons, mentioning specific holidays or events in each section of the story.
5. Incorporate flashback scenes that provide insight into how the characters' priorities have evolved over the years.
6. Use a third-person omniscient narration style to delve into the thoughts and emotions of both characters equally.
7. Introduce a wise elderly character who serves as a mentor to the main characters, offering advice on balancing priorities.
8. One character must have a cherished item from their youth that symbolizes their original priorities, which becomes a point of contention in the relationship.
9. Write the story in a non-linear format, jumping back and forth between different periods of the characters' lives to emphasize shifting priorities.
10. Include dialogue that showcases the characters' evolving perspectives on success, love, and fulfillment.
11. End the story with a bittersweet resolution that reflects the characters' growth and the sacrifices made to maintain their relationship.
12. Describe significant life events that force the characters to reassess their priorities, such as a job loss, a romantic betrayal, or a personal achievement.
13. The characters must have a shared hobby or passion that initially brought them together but is now threatened by their individual priorities.
14. Use symbolism such as a wilting flower or a fading photograph to represent the declining state of the characters' relationship.
15. Incorporate a series of misunderstandings and miscommunications that test the strength of the characters' bond.
16. Include a recurring motif of clocks or hourglasses to emphasize the fleeting nature of time and the urgency of addressing shifting priorities.
17. Show the characters engaging in acts of self-reflection and introspection as they navigate their changing desires and goals.
18. Introduce a subplot involving a forgotten promise or commitment that resurfaces as a point of contention between the characters.
19. Create a parallel between the external world (e.g., career demands, societal expectations) and the internal world of the characters (e.g., emotional needs, personal growth). into the LLM generated story and come up with a new story within 500 words:  ","

Samantha and Michael had been together for over twenty years. They had always been there for each other, but as they aged, they found that their priorities were shifting. Samantha was a workaholic CEO in the corporate world, while Michael was a laid-back artist who valued freedom above all. They had conflicting views on starting a family, with one adamantly wanting children and the other being hesitant.

As they sat down to talk about their feelings and their relationship, they realized that they had both been neglecting their own needs and had been putting their relationship first. They both knew that this couldn't continue. They had to shift their priorities and find a balance that worked for both of them.

Samantha had always been driven by her career. She had put her family on hold to take care of her clients and her business. She had never had the time or the courage to pursue her own passions. However, as she aged, she found herself feeling empty and unfulfilled. She realized that she had missed out on some of the most important moments of her life. She wanted to spend more time with her husband and her children, but she didn't know how to make it happen.

Michael, on the other hand, had always been laid back and free-spirited. He had never had the drive to pursue a career in the traditional sense. He had always been content to live life on his own terms, traveling and creating art. However, as he aged, he found that he was growing more and more restless. He wanted to settle down and start a family, but he didn't know how to make it happen.

One day, while on a trip to Paris, they met an elderly couple who had been together for over sixty years. They had been through everything together, from the joys of parenthood to the sorrows of loss. The couple offered Samantha and Michael some advice on balancing their priorities and finding a balance that worked for both of them.

Samantha and Michael took the couple's advice to heart and began to make changes in their lives. Samantha decided to slow down her work schedule and make more time for her family. She took up a new hobby, painting, and even enrolled in a local art class. Michael, on the other hand, decided to take a step back from his bohemian lifestyle and start a business. He had always dreamed of owning his own cafe, and he finally had the time and the resources to make it happen.

As they pursued their new passions, they found that their relationship became stronger. They were able to connect on a deeper level and appreciate each other's accomplishments. They learned to communicate better and to support each other's dreams.

However, there were still challenges. Samantha found it difficult to balance her new career with her family life. She often felt guilty for not being able to spend as much time with her children as she used to. Michael, on the other hand, found it difficult to adjust to his new role as a business owner. He missed the freedom of his old lifestyle and the excitement of his artistic pursuits.

They both had to learn to be patient and understanding with each other. They had to compromise and find a balance that worked for both of them. They also had to learn to let go of their expectations and to appreciate each other for who they were.

As the seasons changed, their relationship evolved as well. During the winter, they spent cozy nights by the fireplace, discussing their new priorities and planning for the future. In the spring, they went on a trip to Italy, where they discovered a new appreciation for the beauty of life and the importance of balance. During the summer, they worked on their new passions, with Samantha painting and Michael running his cafe. In the fall, they celebrated their twentieth wedding anniversary, surrounded by their family and friends.

Throughout the years, they had always cherished a clock that Samantha had given Michael on their first anniversary. It was a symbol of their original priorities, with the hands always ticking away, reminding them of the fleeting nature of time. However, as their relationship grew and changed, the clock became a source of contention. Samantha felt that Michael was neglecting their relationship in favor of his new passions, while Michael felt that Samantha was being too demanding and controlling.

Their relationship was further tested by a major health crisis. Samantha was diagnosed with a rare form of cancer and underwent several rounds of chemotherapy. Michael was there for her every step of the way, supporting her through the difficult treatments and offering words of encouragement. However, the stress of the situation took a toll on their relationship. They both felt overwhelmed and unsure of how to navigate the challenges ahead.

As they faced the possibility of losing each other, they realized the importance of their relationship and the sacrifices they had made to maintain it. They decided to prioritize their love for each other above all else, even if it meant letting go of their individual passions.

Over time, their relationship became stronger and more resilient. They learned to communicate better and to support each other's needs, even when their priorities conflicted. They also learned to let go of their expectations and to appreciate each other for who they were.

As they looked back on their lives, they realized that their journey had been a series of twists and turns, with many ups and downs along the way. They had faced challenges and obstacles, but they had also found joy and fulfillment. They had learned the importance of balance and the power of love to overcome even the most difficult circumstances.

As they sat on their porch, watching the sun set over the horizon, they knew that their journey was far from over. They still had many years left to live, to love, and to grow. And as they looked into each other's eyes, they knew that they were ready for whatever the future held."
