Instruction,Constraints,BaseStory,Direction,Model,SelectedConstraints,Number_of_Constraints,Final_Prompt,FinalGeneratedStory
"Write a story in less than 500 words about an introverted protagonist with uncontrollable intuition, who experiences others' emotions intensely, as she navigates a challenging encounter during the holiday season.","1. The protagonist suffers physical discomfort when overwhelmed by emotions (nausea, shaking, etc.).
 2. The protagonist is challenged by the need to engage in public spaces.
 3. The unknown man realizes that the protagonist can feel his emotions.
 4. The protagonist uses humor and sarcasm to cope with her situation.
 5. The protagonist is an introverted character.
 6. The story includes communication via text messages.
 7. The story is set in a Starbucks on Michigan in Chicago a week before Christmas.
 8. The protagonist is forced to leave the meeting early due to being overwhelmed.
 9. The protagonist desires to live a more normal life despite her unique condition.
 10. There exists a vaccine for controlling intuition.
 11. The protagonist devises coping strategies for managing her anxiety in public places. 12. Scientists are working to find a solution for people who can't use the intuition vaccine.
 13. Tiffany threatens the protagonist to meet her.
 14. The protagonist struggles with accepting her condition.
 15. The protagonist must grapple with the thoughts and feelings of others in the Starbucks.
 16. The man looks at the protagonist with both desire and love.
 17. The protagonist is physically attractive.
 18. The protagonist encounters an unknown man who causes powerful and unique emotions.
 19. There is societal disapproval for people whose intuitions cannot be controlled by the vaccine.
 20. The protagonist has a heightened intuition.
 21. The setting should be during the holiday season.
 22. The protagonist feels other people's emotions intensely.
 23. The protagonist struggles with disentangling their own feelings from others'.
 24. Tiffany is a strong-willed and passionate character.
 25. The protagonist reluctantly acknowledges being a potential ""crazy cat lady"".
 26. Puberty is identified as a critical time for the progression of intuition powers.
 27. The protagonist and Tiffany were inseparable until puberty.
 28. The protagonist has personal hygiene items (travel mouthwash) handy.
 29. This vaccine doesn’t work for the protagonist due to a genetic mutation.
 30. Characters should express understanding of the protagonist's predicament.
 31. The protagonist's primary means of communication with the outside world is through the internet.
 32. The protagonist experiences other's thoughts as if they were their own.
 33. The protagonist’s intuition is uncontrollable due to a genetic mutation.
 34. The protagonist's coping mechanisms do not always successfully block out other people's emotions.
 35. The protagonist uses strategies to block out the feelings of others, such as counting letters on the menu board.
 36. The protagonist finds solace in the idea of drinking coffee.
 37. Include a hint of romance in the story.
 38. There is societal pressure to control intuition with the vaccine.
 39. The protagonist prefers isolation to manage their heightened intuition.","Evelyn was introverted by nature, more comfortable in her world of books than in social groups. What made her exceptional, however, was her latent, uncontrollable intuition. She was highly empathic, experiencing others' emotions as vividly as they did themselves - sometimes, even more so. The holiday season, with its swirl of emotional undercurrents, was particularly overwhelming for Evelyn, and she dreaded it every year. 

It was the eve of Christmas. Evelyn's small apartment was bursting at the seams with relatives she hadn't seen in years. Overwhelmed, she nestled into the corner of the couch, trying to make herself invisible amid the sea of forced cheerfulness. Any close interaction was a sensory overload for her; she would involuntarily feel their feelings, read their deepest thoughts, and become emotionally exhausted.

Suddenly, the door swung open, and her cousin, Ava, strode in, a torrent of unspoken emotions swirling around her. A shiver of apprehension ran through Evelyn as she braced herself, feeling the churning storm of emotions through her intuitive empathy.

Ava looked around the room, her eyes widening slightly as she noticed Evelyn. Evelyn felt Ava's shockwave of anxiety and self-consciousness hit her like a punch. Despite being at her most vulnerable, Ava hid it well under a veneer of social amiability. But Evelyn's perceptive intuition saw right through it.

Taking a deep breath to steel herself, she wandered over to Ava. Silent conversations, almost piercing in their intensity, flowed between them.

""Are you okay, Ava?"" She asked finally, breaking the momentary silence.

Ava's eyes widened in surprise. ""Yeah, I'm fine. Why do you ask?"" But the underlying tremor in her voice betrayed the turmoil within.

Evelyn quietly admitted, ""I can tell something's wrong.""

Ava looked at her silently for a long moment before sighing deeply. ""I lost my job, Evelyn,"" she confessed, her voice barely above a whisper. Evelyn felt a tidal wave of despair crash over her as Ava's feelings of hopelessness washed over her. 

Evelyn, despite her own burden of emotions, took Ava's hands in hers, feeling the tremors running through them. ""You're not alone, Ava. You have us. We'll sort it out together,"" she said, her voice reassuring.

Armed with her intuitive empathy, Evelyn spent the rest of the evening comforting Ava, helping her cope with the raw wound of job loss. It was an extremely challenging, emotionally draining journey, but Evelyn's heart swelled at Ava's gradual shift from despair to a glimmer of hope and optimism. 

That Christmas Eve, Evelyn, buoyed by Ava's resilience, also discovered something about herself. Her gift, which she had despised for its uncontrollability, for how much it drained and overwhelmed her, could also be used to help others.

As Evelyn watched Ava slowly blend back into the crowd, her heart lighter, the usual cacophony of emotions she feared seemed more bearable. Evelyn realized that while her introverted nature and intuitive empathy made the holiday season challenging, it was also what made her essential in processing these unspoken struggles. It wasn't a curse; it was her gift. A gift of understanding, of empathy, of being the silent pillar of comfort in a room filled with concealed emotions.",,,"1. The protagonist suffers physical discomfort when overwhelmed by emotions (nausea, shaking, etc.).
2. The protagonist is challenged by the need to engage in public spaces.
3. The unknown man realizes that the protagonist can feel his emotions.
4. The protagonist uses humor and sarcasm to cope with her situation.
5. The protagonist is an introverted character.
6. The story includes communication via text messages.
7. The story is set in a Starbucks on Michigan in Chicago a week before Christmas.",7,"User: ""  Write a story in less than 500 words about an introverted protagonist with uncontrollable intuition, who experiences others' emotions intensely, as she navigates a challenging encounter during the holiday season."" 
 BaseStory: "" Evelyn was introverted by nature, more comfortable in her world of books than in social groups. What made her exceptional, however, was her latent, uncontrollable intuition. She was highly empathic, experiencing others' emotions as vividly as they did themselves - sometimes, even more so. The holiday season, with its swirl of emotional undercurrents, was particularly overwhelming for Evelyn, and she dreaded it every year. 

It was the eve of Christmas. Evelyn's small apartment was bursting at the seams with relatives she hadn't seen in years. Overwhelmed, she nestled into the corner of the couch, trying to make herself invisible amid the sea of forced cheerfulness. Any close interaction was a sensory overload for her; she would involuntarily feel their feelings, read their deepest thoughts, and become emotionally exhausted.

Suddenly, the door swung open, and her cousin, Ava, strode in, a torrent of unspoken emotions swirling around her. A shiver of apprehension ran through Evelyn as she braced herself, feeling the churning storm of emotions through her intuitive empathy.

Ava looked around the room, her eyes widening slightly as she noticed Evelyn. Evelyn felt Ava's shockwave of anxiety and self-consciousness hit her like a punch. Despite being at her most vulnerable, Ava hid it well under a veneer of social amiability. But Evelyn's perceptive intuition saw right through it.

Taking a deep breath to steel herself, she wandered over to Ava. Silent conversations, almost piercing in their intensity, flowed between them.

""Are you okay, Ava?"" She asked finally, breaking the momentary silence.

Ava's eyes widened in surprise. ""Yeah, I'm fine. Why do you ask?"" But the underlying tremor in her voice betrayed the turmoil within.

Evelyn quietly admitted, ""I can tell something's wrong.""

Ava looked at her silently for a long moment before sighing deeply. ""I lost my job, Evelyn,"" she confessed, her voice barely above a whisper. Evelyn felt a tidal wave of despair crash over her as Ava's feelings of hopelessness washed over her. 

Evelyn, despite her own burden of emotions, took Ava's hands in hers, feeling the tremors running through them. ""You're not alone, Ava. You have us. We'll sort it out together,"" she said, her voice reassuring.

Armed with her intuitive empathy, Evelyn spent the rest of the evening comforting Ava, helping her cope with the raw wound of job loss. It was an extremely challenging, emotionally draining journey, but Evelyn's heart swelled at Ava's gradual shift from despair to a glimmer of hope and optimism. 

That Christmas Eve, Evelyn, buoyed by Ava's resilience, also discovered something about herself. Her gift, which she had despised for its uncontrollability, for how much it drained and overwhelmed her, could also be used to help others.

As Evelyn watched Ava slowly blend back into the crowd, her heart lighter, the usual cacophony of emotions she feared seemed more bearable. Evelyn realized that while her introverted nature and intuitive empathy made the holiday season challenging, it was also what made her essential in processing these unspoken struggles. It wasn't a curse; it was her gift. A gift of understanding, of empathy, of being the silent pillar of comfort in a room filled with concealed emotions. "" 
 User Instruction: "" Now modify the existing story to accommodate the following constraints: 1. The protagonist suffers physical discomfort when overwhelmed by emotions (nausea, shaking, etc.).
2. The protagonist is challenged by the need to engage in public spaces.
3. The unknown man realizes that the protagonist can feel his emotions.
4. The protagonist uses humor and sarcasm to cope with her situation.
5. The protagonist is an introverted character.
6. The story includes communication via text messages.
7. The story is set in a Starbucks on Michigan in Chicago a week before Christmas. into the LLM generated story and come up with a new story in 500 words:  ","

Evelyn shuffled uncomfortably on her seat, feeling the familiar telltale signs of emotional overload creeping up on her. She was grateful for the cacophony of muffled Christmas carols blaring from the speakers above, drowning out the decibel level of the crowd in the Starbucks on Michigan Avenue. 

The holiday season always left her drained, but this year, the sheer volume of people around her threatened to send her into a full-blown anxiety attack. As an introvert, she had grown accustomed to navigating these challenging encounters with humor, sarcasm, and a healthy dose of avoidance. But the unpredictable nature of her empathic intuition always threatened to undermine her carefully crafted coping mechanisms. 

Evelyn's heart raced as she noticed a stranger hovering near her table, eyes fixed intently on her. His thoughts were a jumbled mess of confusion and curiosity, and she felt his emotions like a physical blow. She tried to suppress a shudder, but it was too late. Her body began to tremble, her stomach churning with nausea. She closed her eyes, trying to escape the discomfort by focusing on a nearby text message from a friend. 

""Hey Evelyn, hope you're having a better day than I am. Wish I could be there to help you navigate this mess, but I'm stuck at work. Hang in there, girl!"" 

A faint smile tugged at her lips as she typed a quick response. ""Thanks, Sarah. I'm managing. Just need to avoid any more unexpected emotional storms today."" 

When Evelyn opened her eyes again, the stranger was still there, his gaze fixed intently on her. She braced herself for another emotional onslaught but was surprised when he spoke instead. ""Excuse me, but I think you might be empathic.""

Evelyn's eyes snapped to his in disbelief. How did he know? How could he feel her emotions? She hesitated before answering, her voice barely above a whisper. ""How did you know?"" 

He smiled, a hint of curiosity in his eyes. ""I've never met anyone like you before. You're like a walking emotional barometer. I can feel your discomfort, your nausea, your fear of being overwhelmed."" 

Evelyn's mind raced with questions, but before she could ask any of them, the stranger's phone buzzed. He glanced at it, his expression changing from curiosity to concern. ""I'm sorry, but I need to go. Something urgent has come up."" 

Without another word, he turned on his heel and left, leaving Evelyn feeling more unsettled than ever. She couldn't shake off the feeling that she'd just lost a chance at a lifeline, a way to understand and process her emotions better. As she glanced around the crowded Starbucks, she realized that she needed to find a way to embrace her gift, to use it to connect with others instead of fearing it. With a newfound determination, she took a deep breath and began to engage with the world around her, using humor and sarcasm to navigate the emotional chaos. "
